Filename,Hu_Moment_1,Hu_Moment_2,Hu_Moment_3,Hu_Moment_4,Hu_Moment_5,Hu_Moment_6,Hu_Moment_7,0,1,2,3,4,5,6,7,8,9,10,11,12,13,14,15,16,17,18,19,20,21,22,23,24,25,26,27,28,29,30,31,32,33,34,35,36,37,38,39,40,41,42,43,44,45,46,47,48,49,50,51,52,53,54,55,56,57,58,59,60,61,62,63,64,65,66,67,68,69,70,71,72,73,74,75,76,77,78,79
0_100_1.jpg,2.300910357332396,7.753921341252491,10.22230009077994,9.555583572382918,-19.53005548639375,13.616068085789756,19.688206274725648,955.0,100.0,113.0,141.0,149.0,414.0,918.0,1381.0,1553.0,346.0,346.0,0.0,0.0,0.0,0.0,0.0,0.0,0.0,0.0,0.0,55.0,0.0,0.0,0.0,0.0,0.0,0.0,0.0,0.0,0.0,47.0,0.0,0.0,0.0,0.0,0.0,0.0,0.0,0.0,0.0,312.0,0.0,0.0,0.0,0.0,0.0,0.0,0.0,0.0,0.0,27.0,0.0,0.0,0.0,0.0,0.0,0.0,0.0,0.0,0.0,345.0,1.0,0.0,0.0,0.0,0.0,0.0,0.0,0.0,0.0,71.0,69.0,56.0,65.0,126.0,249.0,281.0,545.0,1262.0,73.0
10_100_1.jpg,2.302267887960386,7.208321800386338,10.369277932848238,10.053364636777422,-20.26480040918917,14.030005467346413,-21.903741097061033,1034.0,117.0,90.0,102.0,122.0,417.0,1218.0,1135.0,1655.0,225.0,365.0,0.0,0.0,0.0,0.0,0.0,0.0,0.0,0.0,0.0,37.0,0.0,0.0,0.0,0.0,0.0,0.0,0.0,0.0,0.0,49.0,0.0,0.0,0.0,0.0,0.0,0.0,0.0,0.0,0.0,293.0,0.0,0.0,0.0,0.0,0.0,0.0,0.0,0.0,0.0,28.0,0.0,0.0,0.0,0.0,0.0,0.0,0.0,0.0,0.0,290.0,0.0,0.0,0.0,0.0,0.0,0.0,0.0,0.0,0.0,97.0,61.0,65.0,67.0,120.0,177.0,200.0,513.0,1441.0,82.0
11_100_1.jpg,2.2947978285498185,7.102772882757075,10.216701555336442,10.234738430698485,-21.196898908176745,-14.406233709724276,-20.467893530998264,974.0,123.0,91.0,94.0,134.0,435.0,1240.0,1132.0,1724.0,240.0,385.0,1.0,0.0,0.0,0.0,0.0,0.0,0.0,0.0,0.0,40.0,0.0,0.0,0.0,0.0,0.0,0.0,0.0,0.0,0.0,43.0,0.0,0.0,0.0,0.0,0.0,0.0,0.0,0.0,0.0,310.0,0.0,0.0,0.0,0.0,0.0,0.0,0.0,0.0,0.0,27.0,0.0,0.0,0.0,0.0,0.0,0.0,0.0,0.0,0.0,305.0,0.0,0.0,0.0,0.0,0.0,0.0,0.0,0.0,0.0,92.0,57.0,64.0,64.0,113.0,168.0,192.0,514.0,1359.0,79.0
12_100_1.jpg,2.3178181407470255,7.154751417289999,10.294985881743514,9.823468047150662,-20.122797455008577,13.415371836869785,19.969973819035275,1061.0,115.0,90.0,94.0,145.0,414.0,1249.0,1119.0,1760.0,222.0,363.0,2.0,0.0,0.0,0.0,0.0,1.0,0.0,0.0,0.0,50.0,0.0,0.0,0.0,0.0,0.0,0.0,0.0,0.0,0.0,54.0,0.0,0.0,0.0,0.0,0.0,0.0,0.0,0.0,0.0,293.0,0.0,0.0,0.0,0.0,0.0,0.0,0.0,0.0,0.0,19.0,0.0,0.0,0.0,0.0,0.0,0.0,0.0,0.0,0.0,324.0,0.0,0.0,0.0,0.0,0.0,0.0,0.0,0.0,0.0,78.0,73.0,60.0,59.0,117.0,137.0,195.0,493.0,1263.0,150.0
13_100_1.jpg,2.304770697515473,7.039758748340374,10.17199577202164,10.201515938053918,-21.384235402923753,13.72732804413726,20.390495352606514,1090.0,113.0,84.0,94.0,161.0,416.0,1264.0,1112.0,1852.0,243.0,372.0,1.0,0.0,3.0,0.0,0.0,0.0,0.0,0.0,0.0,42.0,0.0,0.0,0.0,0.0,0.0,0.0,0.0,0.0,0.0,47.0,1.0,0.0,0.0,0.0,0.0,0.0,0.0,0.0,0.0,264.0,0.0,0.0,0.0,0.0,0.0,0.0,0.0,0.0,0.0,19.0,0.0,0.0,0.0,0.0,0.0,0.0,0.0,0.0,0.0,281.0,0.0,0.0,0.0,0.0,0.0,0.0,0.0,0.0,0.0,72.0,59.0,63.0,71.0,90.0,138.0,204.0,486.0,1233.0,125.0
14_100_1.jpg,2.309271542491214,7.063157935336292,10.232456587317339,9.583596125500083,-20.620188172095936,13.118442065923624,19.49282703773973,1053.0,111.0,86.0,96.0,175.0,418.0,1227.0,1152.0,1651.0,292.0,360.0,1.0,0.0,1.0,0.0,0.0,0.0,0.0,0.0,0.0,33.0,0.0,0.0,0.0,0.0,0.0,0.0,0.0,0.0,0.0,45.0,0.0,0.0,0.0,0.0,0.0,0.0,0.0,0.0,0.0,317.0,0.0,0.0,0.0,0.0,0.0,0.0,0.0,0.0,0.0,24.0,0.0,0.0,0.0,0.0,0.0,0.0,0.0,0.0,0.0,260.0,0.0,0.0,0.0,0.0,0.0,0.0,0.0,0.0,0.0,111.0,79.0,66.0,65.0,77.0,149.0,205.0,459.0,1361.0,126.0
15_100_1.jpg,2.3206875973733108,7.039328511184519,10.256575012745015,9.625828446627565,19.69854224918919,13.356709894380462,19.738371961932213,1093.0,111.0,89.0,97.0,152.0,420.0,1262.0,1140.0,1712.0,253.0,336.0,1.0,0.0,0.0,0.0,0.0,0.0,0.0,0.0,1.0,53.0,0.0,0.0,0.0,0.0,0.0,0.0,0.0,0.0,0.0,67.0,0.0,0.0,0.0,0.0,0.0,0.0,0.0,0.0,0.0,257.0,0.0,0.0,0.0,0.0,0.0,0.0,0.0,0.0,0.0,25.0,0.0,0.0,0.0,0.0,0.0,0.0,0.0,0.0,0.0,317.0,0.0,0.0,0.0,0.0,0.0,0.0,0.0,0.0,0.0,98.0,79.0,61.0,72.0,74.0,169.0,189.0,403.0,1313.0,156.0
16_100_1.jpg,2.303077525290355,6.933980844482641,10.155639306794418,9.663065519170226,19.59146903413404,13.639277800690516,20.1102909519661,979.0,107.0,101.0,92.0,144.0,426.0,1242.0,1214.0,1693.0,213.0,295.0,0.0,0.0,0.0,0.0,1.0,0.0,0.0,0.0,0.0,57.0,0.0,0.0,0.0,0.0,0.0,0.0,0.0,0.0,0.0,44.0,0.0,0.0,0.0,0.0,0.0,0.0,0.0,0.0,0.0,291.0,0.0,0.0,0.0,0.0,0.0,0.0,0.0,0.0,0.0,31.0,0.0,0.0,0.0,0.0,0.0,0.0,0.0,0.0,0.0,364.0,0.0,0.0,0.0,0.0,0.0,0.0,0.0,0.0,0.0,97.0,66.0,75.0,75.0,76.0,175.0,214.0,450.0,1337.0,141.0
17_100_1.jpg,2.323297298232779,6.97780088930556,10.255747187886453,9.581973981085,19.71750081190353,13.25875082498603,19.600715026791832,1133.0,106.0,79.0,86.0,144.0,421.0,1230.0,1243.0,1760.0,238.0,327.0,0.0,0.0,0.0,0.0,0.0,0.0,0.0,0.0,0.0,41.0,0.0,0.0,0.0,0.0,0.0,0.0,0.0,0.0,0.0,54.0,1.0,0.0,0.0,0.0,0.0,0.0,0.0,0.0,0.0,284.0,0.0,0.0,0.0,0.0,0.0,0.0,0.0,0.0,0.0,30.0,0.0,0.0,0.0,0.0,0.0,0.0,0.0,0.0,0.0,277.0,0.0,0.0,0.0,0.0,0.0,0.0,0.0,0.0,0.0,107.0,81.0,75.0,73.0,84.0,191.0,206.0,414.0,1170.0,145.0
18_100_1.jpg,2.3305412626908217,6.967288229018424,10.259123235590476,9.458363995934622,19.35286678156932,13.452632146191528,19.72642533257243,1066.0,91.0,85.0,93.0,143.0,387.0,1228.0,1128.0,1743.0,193.0,332.0,0.0,0.0,0.0,0.0,0.0,0.0,0.0,0.0,0.0,58.0,0.0,0.0,0.0,0.0,0.0,0.0,0.0,0.0,0.0,61.0,0.0,0.0,0.0,0.0,0.0,0.0,0.0,0.0,0.0,282.0,0.0,0.0,0.0,0.0,0.0,0.0,0.0,0.0,0.0,30.0,0.0,0.0,0.0,0.0,0.0,0.0,0.0,0.0,0.0,372.0,0.0,0.0,0.0,0.0,0.0,0.0,0.0,0.0,0.0,98.0,79.0,69.0,79.0,100.0,207.0,180.0,462.0,1282.0,152.0
19_100_1.jpg,2.3298215965157567,6.919466244384345,10.244256266018057,9.411682692926746,19.283777185636538,13.386147023532015,19.607375943310224,1002.0,100.0,76.0,93.0,145.0,394.0,1279.0,1140.0,1818.0,198.0,328.0,0.0,0.0,0.0,0.0,0.0,1.0,0.0,0.0,0.0,77.0,0.0,0.0,0.0,0.0,0.0,0.0,0.0,0.0,0.0,57.0,0.0,0.0,0.0,0.0,0.0,0.0,0.0,0.0,0.0,288.0,0.0,0.0,0.0,0.0,0.0,0.0,0.0,0.0,0.0,25.0,0.0,0.0,0.0,0.0,0.0,0.0,0.0,0.0,0.0,413.0,0.0,0.0,0.0,0.0,0.0,0.0,0.0,0.0,0.0,99.0,75.0,70.0,76.0,123.0,185.0,152.0,474.0,1195.0,117.0
1_100_1.jpg,2.3132380864243527,7.649942211791075,10.426215121607626,9.737693004246163,-19.863219008724347,-14.618146264414925,-20.189842570871075,1107.0,91.0,115.0,121.0,161.0,401.0,977.0,1326.0,1536.0,372.0,376.0,0.0,0.0,0.0,0.0,0.0,0.0,0.0,0.0,0.0,50.0,0.0,0.0,0.0,0.0,0.0,0.0,0.0,0.0,0.0,40.0,0.0,0.0,0.0,0.0,0.0,0.0,0.0,0.0,0.0,313.0,0.0,0.0,0.0,0.0,0.0,0.0,0.0,0.0,0.0,17.0,0.0,0.0,0.0,0.0,0.0,0.0,0.0,0.0,0.0,265.0,0.0,0.0,0.0,0.0,0.0,0.0,0.0,0.0,0.0,69.0,60.0,70.0,70.0,125.0,204.0,264.0,528.0,1281.0,61.0
20_100_1.jpg,2.3285063695777084,6.894219085143236,10.24600774402466,9.515730960675409,19.414469397519536,13.756245984946304,19.947799596592848,1005.0,99.0,84.0,87.0,159.0,377.0,1249.0,1144.0,1739.0,192.0,358.0,0.0,0.0,0.0,0.0,0.0,0.0,0.0,0.0,0.0,59.0,0.0,0.0,0.0,0.0,0.0,0.0,0.0,0.0,0.0,64.0,0.0,0.0,3.0,0.0,0.0,1.0,0.0,0.0,0.0,326.0,0.0,0.0,0.0,0.0,0.0,0.0,0.0,0.0,0.0,27.0,0.0,0.0,0.0,0.0,0.0,0.0,0.0,0.0,0.0,350.0,0.0,0.0,0.0,0.0,0.0,0.0,0.0,0.0,0.0,109.0,66.0,76.0,82.0,135.0,172.0,173.0,494.0,1221.0,149.0
228_100_1.jpg,2.449423455259482,6.725676908871349,10.36545472014999,10.40894175751971,20.828287333152375,-14.100836387603975,21.226820057878935,1485.0,72.0,71.0,91.0,82.0,227.0,531.0,998.0,1549.0,187.0,313.0,0.0,0.0,0.0,0.0,0.0,0.0,0.0,0.0,0.0,94.0,0.0,0.0,0.0,0.0,0.0,0.0,0.0,0.0,0.0,91.0,0.0,0.0,0.0,0.0,0.0,0.0,0.0,0.0,0.0,341.0,0.0,0.0,0.0,0.0,0.0,0.0,0.0,0.0,0.0,34.0,0.0,0.0,0.0,0.0,0.0,0.0,0.0,0.0,0.0,525.0,0.0,0.0,0.0,0.0,0.0,0.0,0.0,0.0,0.0,110.0,48.0,44.0,57.0,113.0,195.0,357.0,515.0,1477.0,393.0
229_100_1.jpg,2.453968468820376,6.766816050121021,10.35159041970033,10.310838736719056,20.671802429179614,-13.8009552602278,-21.088398219100693,1472.0,77.0,73.0,88.0,93.0,226.0,611.0,991.0,1605.0,245.0,317.0,0.0,0.0,0.0,0.0,0.0,0.0,0.0,0.0,0.0,77.0,0.0,0.0,0.0,0.0,0.0,0.0,0.0,0.0,0.0,71.0,0.0,0.0,0.0,0.0,0.0,0.0,0.0,0.0,0.0,441.0,0.0,0.0,0.0,0.0,0.0,0.0,0.0,0.0,0.0,29.0,0.0,0.0,0.0,0.0,0.0,0.0,0.0,0.0,0.0,496.0,3.0,0.0,0.0,0.0,0.0,0.0,0.0,0.0,0.0,97.0,46.0,48.0,56.0,96.0,190.0,323.0,465.0,1372.0,392.0
230_100_1.jpg,2.4527115123034453,6.757348769757187,10.281813962195887,10.326167437408934,20.705476391469908,-13.770695214629313,-20.896656872443117,1483.0,79.0,73.0,79.0,96.0,228.0,603.0,964.0,1537.0,244.0,310.0,0.0,0.0,0.0,0.0,0.0,0.0,0.0,0.0,0.0,88.0,0.0,0.0,0.0,0.0,0.0,0.0,0.0,0.0,0.0,86.0,0.0,0.0,0.0,0.0,0.0,0.0,0.0,0.0,0.0,427.0,0.0,0.0,0.0,0.0,0.0,0.0,0.0,0.0,0.0,37.0,0.0,0.0,0.0,0.0,0.0,0.0,0.0,0.0,0.0,449.0,2.0,0.0,0.0,0.0,0.0,0.0,0.0,0.0,0.0,111.0,54.0,47.0,48.0,102.0,190.0,351.0,481.0,1416.0,415.0
231_100_1.jpg,2.446227389643039,6.70723123344314,10.26537823684049,10.409838097042162,20.747819387517378,-13.943044430907271,22.130083635850376,1482.0,79.0,79.0,69.0,104.0,217.0,622.0,1023.0,1616.0,301.0,352.0,0.0,0.0,0.0,0.0,0.0,0.0,0.0,0.0,0.0,68.0,0.0,0.0,0.0,0.0,0.0,0.0,0.0,0.0,0.0,65.0,0.0,0.0,0.0,0.0,0.0,0.0,0.0,0.0,0.0,420.0,0.0,0.0,0.0,0.0,0.0,0.0,0.0,0.0,0.0,28.0,0.0,0.0,0.0,0.0,0.0,0.0,0.0,0.0,0.0,467.0,2.0,0.0,0.0,0.0,0.0,0.0,0.0,0.0,0.0,85.0,51.0,46.0,50.0,95.0,195.0,393.0,402.0,1285.0,404.0
232_100_1.jpg,2.4461032295634335,6.706956531936473,10.234490647463058,10.404211193909898,20.728917331108367,-13.885568940432742,-21.530222860789888,1550.0,74.0,74.0,78.0,109.0,205.0,679.0,998.0,1543.0,262.0,313.0,0.0,0.0,0.0,0.0,0.0,0.0,0.0,0.0,0.0,83.0,0.0,0.0,0.0,0.0,0.0,0.0,0.0,0.0,0.0,60.0,0.0,0.0,0.0,0.0,0.0,0.0,0.0,0.0,0.0,373.0,0.0,0.0,0.0,0.0,0.0,0.0,0.0,0.0,0.0,38.0,0.0,0.0,0.0,0.0,0.0,0.0,0.0,0.0,0.0,468.0,0.0,0.0,0.0,0.0,0.0,0.0,0.0,0.0,0.0,90.0,53.0,50.0,39.0,88.0,187.0,408.0,391.0,1346.0,441.0
233_100_1.jpg,2.4512678712724587,6.744960662893175,10.204127742637686,10.277439072295175,20.741411314809604,-13.669315651821966,-20.614382313219892,1547.0,71.0,70.0,87.0,94.0,241.0,665.0,997.0,1605.0,298.0,327.0,0.0,0.0,0.0,0.0,0.0,0.0,0.0,0.0,0.0,74.0,0.0,0.0,0.0,0.0,0.0,0.0,0.0,0.0,0.0,69.0,0.0,0.0,0.0,0.0,0.0,0.0,0.0,0.0,0.0,409.0,0.0,0.0,0.0,0.0,0.0,0.0,0.0,0.0,0.0,32.0,0.0,0.0,0.0,0.0,0.0,0.0,0.0,0.0,0.0,452.0,3.0,0.0,0.0,0.0,0.0,0.0,0.0,0.0,0.0,74.0,59.0,41.0,52.0,86.0,176.0,375.0,387.0,1275.0,434.0
234_100_1.jpg,2.4469990956726453,6.729678112883657,10.21563936904986,10.301974579599682,20.61561666533941,-13.744393104439611,-20.886470240404222,1453.0,72.0,65.0,85.0,107.0,209.0,656.0,1038.0,1543.0,268.0,369.0,0.0,0.0,0.0,0.0,0.0,0.0,0.0,0.0,0.0,70.0,0.0,0.0,0.0,0.0,0.0,0.0,0.0,0.0,0.0,71.0,0.0,0.0,0.0,0.0,0.0,0.0,0.0,0.0,0.0,402.0,0.0,0.0,0.0,0.0,0.0,0.0,0.0,0.0,0.0,27.0,0.0,0.0,0.0,0.0,0.0,0.0,0.0,0.0,0.0,470.0,1.0,0.0,0.0,0.0,0.0,0.0,0.0,0.0,0.0,103.0,57.0,53.0,39.0,78.0,199.0,385.0,419.0,1259.0,502.0
235_100_1.jpg,2.4471761938029903,6.725259690310076,10.158048874345152,10.257682060473861,20.627724394383034,-13.65410194198804,-20.604995164073713,1448.0,61.0,77.0,79.0,97.0,219.0,722.0,978.0,1593.0,296.0,340.0,0.0,0.0,0.0,0.0,0.0,0.0,0.0,0.0,0.0,78.0,0.0,0.0,0.0,0.0,0.0,0.0,0.0,0.0,0.0,82.0,0.0,0.0,0.0,0.0,0.0,0.0,0.0,0.0,0.0,465.0,0.0,0.0,0.0,0.0,0.0,0.0,0.0,0.0,0.0,26.0,0.0,0.0,0.0,0.0,0.0,0.0,0.0,0.0,0.0,429.0,0.0,0.0,0.0,0.0,0.0,0.0,0.0,0.0,0.0,101.0,58.0,47.0,56.0,74.0,229.0,339.0,343.0,1317.0,446.0
236_100_1.jpg,2.447461611039358,6.73664507751425,10.133256951979789,10.394218073770304,20.7714561394239,-13.80762488331632,-20.85311773886503,1527.0,66.0,77.0,84.0,92.0,227.0,683.0,1052.0,1481.0,308.0,361.0,0.0,0.0,0.0,0.0,0.0,0.0,0.0,0.0,0.0,78.0,0.0,0.0,0.0,0.0,0.0,0.0,0.0,0.0,0.0,61.0,0.0,0.0,0.0,0.0,0.0,0.0,0.0,0.0,0.0,390.0,0.0,0.0,0.0,0.0,0.0,0.0,0.0,0.0,0.0,34.0,0.0,0.0,0.0,0.0,0.0,0.0,0.0,0.0,0.0,426.0,1.0,0.0,0.0,0.0,0.0,0.0,0.0,0.0,0.0,82.0,56.0,50.0,54.0,65.0,235.0,343.0,372.0,1350.0,445.0
237_100_1.jpg,2.44442625154583,6.724890289959604,10.044369883126686,10.411589785198167,21.08577695559887,-13.777394031263212,-20.669338939754144,1478.0,62.0,75.0,83.0,108.0,214.0,695.0,1046.0,1578.0,318.0,344.0,0.0,0.0,0.0,0.0,0.0,0.0,0.0,0.0,0.0,67.0,0.0,0.0,0.0,0.0,0.0,0.0,0.0,0.0,0.0,86.0,0.0,0.0,0.0,0.0,0.0,0.0,0.0,0.0,0.0,364.0,0.0,0.0,0.0,0.0,0.0,0.0,0.0,0.0,0.0,32.0,0.0,0.0,0.0,0.0,0.0,0.0,0.0,0.0,0.0,484.0,0.0,0.0,0.0,0.0,0.0,0.0,0.0,0.0,0.0,86.0,52.0,49.0,48.0,83.0,234.0,323.0,356.0,1324.0,411.0
238_100_1.jpg,2.4397079130868606,6.708359614132152,10.041883546188613,10.307636883362639,20.94500451508298,-13.665331089136455,-20.50985774582871,1534.0,67.0,75.0,89.0,103.0,249.0,711.0,967.0,1437.0,353.0,337.0,0.0,0.0,0.0,0.0,0.0,0.0,0.0,0.0,0.0,62.0,0.0,0.0,0.0,0.0,0.0,0.0,0.0,0.0,0.0,61.0,0.0,0.0,0.0,0.0,0.0,0.0,0.0,0.0,0.0,377.0,0.0,0.0,0.0,0.0,0.0,0.0,0.0,0.0,0.0,43.0,0.0,0.0,0.0,0.0,0.0,0.0,0.0,0.0,0.0,422.0,1.0,0.0,0.0,0.0,0.0,0.0,0.0,0.0,0.0,82.0,56.0,50.0,51.0,69.0,228.0,345.0,389.0,1389.0,453.0
239_100_1.jpg,2.448748177147179,6.751258752197255,9.995947980285354,10.571959860124235,21.568633550759934,-13.947600475908963,-20.864223726690657,1500.0,75.0,73.0,90.0,96.0,235.0,734.0,921.0,1494.0,381.0,399.0,0.0,0.0,0.0,0.0,0.0,0.0,0.0,0.0,0.0,75.0,0.0,0.0,0.0,0.0,0.0,0.0,0.0,0.0,0.0,72.0,0.0,0.0,0.0,0.0,0.0,0.0,0.0,0.0,0.0,370.0,0.0,0.0,0.0,0.0,0.0,0.0,0.0,0.0,0.0,30.0,0.0,0.0,0.0,0.0,0.0,0.0,0.0,0.0,0.0,432.0,0.0,0.0,0.0,0.0,0.0,0.0,0.0,0.0,0.0,98.0,55.0,52.0,54.0,80.0,213.0,331.0,407.0,1315.0,418.0
23_100_1.jpg,2.3320297414446123,6.806793389130417,10.35622966889315,9.451564383193318,19.3884940188228,13.865666603344337,19.780674097210575,1049.0,94.0,81.0,104.0,119.0,346.0,1270.0,1236.0,1745.0,193.0,328.0,0.0,0.0,0.0,0.0,0.0,0.0,0.0,0.0,0.0,73.0,0.0,0.0,0.0,0.0,0.0,0.0,0.0,0.0,0.0,61.0,0.0,0.0,0.0,0.0,0.0,0.0,0.0,0.0,0.0,290.0,0.0,0.0,0.0,0.0,0.0,0.0,0.0,0.0,0.0,20.0,0.0,0.0,0.0,0.0,0.0,0.0,0.0,0.0,0.0,384.0,0.0,0.0,0.0,0.0,0.0,0.0,0.0,0.0,0.0,101.0,65.0,67.0,85.0,154.0,215.0,191.0,413.0,1147.0,169.0
240_100_1.jpg,2.4426027817271887,6.707773308622172,9.944635081053528,10.849068851411662,21.706731435516406,-14.203147479828232,-21.273624824300185,1552.0,81.0,64.0,91.0,101.0,245.0,719.0,886.0,1438.0,380.0,309.0,0.0,0.0,0.0,0.0,0.0,0.0,0.0,0.0,0.0,86.0,0.0,0.0,0.0,0.0,0.0,0.0,0.0,0.0,0.0,56.0,0.0,0.0,0.0,0.0,0.0,0.0,0.0,0.0,0.0,384.0,0.0,0.0,0.0,0.0,0.0,0.0,0.0,0.0,0.0,30.0,0.0,0.0,0.0,0.0,0.0,0.0,0.0,0.0,0.0,427.0,1.0,0.0,0.0,0.0,0.0,0.0,0.0,0.0,0.0,96.0,55.0,53.0,55.0,87.0,194.0,369.0,439.0,1354.0,448.0
241_100_1.jpg,2.4354107158583176,6.669912280887034,9.870553885618875,10.731129413607416,-21.673770365240134,-14.094638004429934,-21.04357781687767,1526.0,81.0,75.0,89.0,107.0,267.0,758.0,854.0,1586.0,379.0,298.0,0.0,0.0,0.0,0.0,0.0,0.0,0.0,0.0,0.0,74.0,0.0,0.0,0.0,0.0,0.0,0.0,0.0,0.0,0.0,57.0,0.0,0.0,0.0,0.0,0.0,0.0,0.0,0.0,0.0,341.0,0.0,0.0,0.0,0.0,0.0,0.0,0.0,0.0,0.0,36.0,0.0,0.0,0.0,0.0,0.0,0.0,0.0,0.0,0.0,474.0,0.0,0.0,0.0,0.0,0.0,0.0,0.0,0.0,0.0,97.0,47.0,52.0,48.0,100.0,185.0,334.0,415.0,1287.0,433.0
24_100_1.jpg,2.3408837662287905,6.757788078555364,10.28301674358644,9.561865081503907,19.495044037872344,-14.052264541238012,20.142567463133325,1019.0,85.0,87.0,102.0,113.0,358.0,1286.0,1178.0,1648.0,206.0,371.0,2.0,0.0,0.0,0.0,0.0,0.0,0.0,0.0,0.0,72.0,0.0,0.0,0.0,0.0,0.0,0.0,0.0,0.0,0.0,51.0,0.0,0.0,0.0,0.0,0.0,0.0,0.0,0.0,0.0,335.0,0.0,0.0,0.0,0.0,0.0,0.0,0.0,0.0,0.0,24.0,1.0,0.0,0.0,0.0,0.0,0.0,0.0,0.0,0.0,370.0,0.0,0.0,0.0,0.0,0.0,0.0,0.0,0.0,0.0,111.0,59.0,61.0,78.0,160.0,227.0,196.0,426.0,1243.0,131.0
25_100_1.jpg,2.341453269053829,6.753802486621211,10.31584133821804,9.590072987781435,19.605287627062022,14.063541880869339,19.844697065930823,1190.0,96.0,95.0,93.0,135.0,317.0,1234.0,1220.0,1744.0,198.0,371.0,0.0,0.0,0.0,0.0,0.0,0.0,0.0,0.0,0.0,62.0,0.0,0.0,0.0,0.0,0.0,0.0,0.0,0.0,0.0,41.0,0.0,0.0,0.0,0.0,0.0,0.0,0.0,0.0,0.0,282.0,0.0,0.0,0.0,0.0,0.0,0.0,0.0,0.0,0.0,51.0,0.0,0.0,0.0,0.0,0.0,0.0,0.0,0.0,0.0,285.0,0.0,0.0,0.0,0.0,0.0,0.0,0.0,0.0,0.0,79.0,57.0,68.0,65.0,172.0,238.0,215.0,404.0,1146.0,142.0
26_100_1.jpg,2.3461186586584306,6.759902699497995,10.329905082673598,9.637394645637551,19.686043091944413,14.054446602655172,19.914658955020887,1135.0,88.0,78.0,85.0,140.0,340.0,1217.0,1229.0,1802.0,132.0,348.0,2.0,0.0,0.0,0.0,0.0,0.0,0.0,0.0,0.0,76.0,0.0,0.0,0.0,0.0,0.0,0.0,0.0,0.0,0.0,71.0,0.0,0.0,0.0,0.0,0.0,0.0,0.0,0.0,0.0,281.0,0.0,0.0,0.0,0.0,0.0,0.0,0.0,0.0,0.0,38.0,0.0,0.0,0.0,0.0,0.0,0.0,0.0,0.0,0.0,349.0,0.0,0.0,0.0,0.0,0.0,0.0,0.0,0.0,0.0,105.0,58.0,68.0,64.0,160.0,242.0,221.0,425.0,1095.0,151.0
27_100_1.jpg,2.351723972858779,6.693320899521572,10.280514410308266,9.712677125921134,19.799964665060045,-13.23437687660219,-19.942636054037504,1166.0,96.0,83.0,94.0,150.0,356.0,1212.0,1274.0,1813.0,181.0,376.0,3.0,0.0,0.0,0.0,1.0,0.0,0.0,0.0,0.0,66.0,0.0,0.0,0.0,0.0,0.0,0.0,0.0,0.0,0.0,69.0,0.0,0.0,0.0,0.0,0.0,0.0,0.0,0.0,0.0,308.0,0.0,0.0,0.0,0.0,0.0,0.0,0.0,0.0,0.0,18.0,0.0,0.0,0.0,0.0,0.0,0.0,0.0,0.0,0.0,293.0,0.0,0.0,0.0,0.0,0.0,0.0,0.0,0.0,0.0,101.0,62.0,66.0,55.0,133.0,261.0,204.0,382.0,1064.0,113.0
28_100_1.jpg,2.370412665080506,6.741619328958752,10.332546235801889,9.775155316556205,19.890940089680818,-13.38099856506656,-20.13165016800209,1198.0,93.0,77.0,98.0,112.0,417.0,1123.0,1302.0,1674.0,181.0,327.0,0.0,0.0,0.0,0.0,0.0,0.0,0.0,0.0,0.0,58.0,0.0,0.0,0.0,0.0,0.0,0.0,0.0,0.0,0.0,87.0,0.0,0.0,0.0,0.0,0.0,0.0,0.0,0.0,0.0,304.0,0.0,0.0,0.0,0.0,0.0,0.0,0.0,0.0,0.0,28.0,0.0,0.0,0.0,0.0,0.0,0.0,0.0,0.0,0.0,398.0,0.0,0.0,0.0,0.0,0.0,0.0,0.0,0.0,0.0,132.0,63.0,63.0,54.0,88.0,264.0,223.0,396.0,1088.0,152.0
29_100_1.jpg,2.3663022949029653,6.690872136308992,10.32219116462926,9.841887790308059,20.024453528829802,-13.339648927808819,-20.13949217249109,1184.0,74.0,91.0,107.0,98.0,431.0,1094.0,1382.0,1762.0,262.0,346.0,0.0,0.0,0.0,0.0,0.0,0.0,0.0,0.0,0.0,73.0,0.0,0.0,0.0,0.0,0.0,0.0,0.0,0.0,0.0,88.0,0.0,1.0,1.0,0.0,1.0,0.0,0.0,0.0,0.0,310.0,1.0,0.0,0.0,0.0,0.0,0.0,1.0,0.0,0.0,39.0,1.0,0.0,0.0,0.0,0.0,0.0,0.0,0.0,0.0,353.0,0.0,0.0,0.0,0.0,0.0,0.0,0.0,0.0,0.0,95.0,66.0,63.0,66.0,71.0,250.0,222.0,412.0,922.0,133.0
2_100_1.jpg,2.3141131399719552,7.6394300092142355,10.46338310615444,9.71733028499669,-20.094626339336166,13.611378108537501,19.875064010565048,1099.0,99.0,129.0,116.0,161.0,391.0,1015.0,1203.0,1672.0,331.0,317.0,0.0,0.0,0.0,0.0,0.0,0.0,0.0,0.0,0.0,35.0,0.0,0.0,0.0,0.0,0.0,0.0,0.0,0.0,0.0,55.0,0.0,0.0,0.0,0.0,0.0,0.0,0.0,0.0,0.0,300.0,0.0,0.0,0.0,0.0,0.0,0.0,0.0,0.0,0.0,28.0,0.0,0.0,0.0,0.0,0.0,0.0,0.0,0.0,0.0,298.0,1.0,0.0,0.0,0.0,0.0,0.0,0.0,0.0,0.0,107.0,75.0,57.0,72.0,128.0,176.0,341.0,498.0,1222.0,74.0
30_100_1.jpg,2.375863339378783,6.708513173885897,10.391153650441384,9.759484100309386,19.89079974375729,-13.334387460612001,-20.15649569690376,1225.0,72.0,90.0,90.0,106.0,435.0,1086.0,1353.0,1650.0,225.0,297.0,0.0,0.0,0.0,0.0,0.0,0.0,0.0,0.0,0.0,72.0,0.0,0.0,0.0,0.0,0.0,0.0,0.0,0.0,0.0,90.0,2.0,1.0,1.0,0.0,0.0,0.0,0.0,0.0,0.0,319.0,0.0,0.0,0.0,0.0,0.0,0.0,0.0,0.0,0.0,31.0,0.0,0.0,0.0,0.0,0.0,0.0,0.0,0.0,0.0,411.0,0.0,0.0,0.0,0.0,0.0,0.0,0.0,0.0,0.0,106.0,74.0,61.0,68.0,77.0,243.0,209.0,442.0,1011.0,153.0
31_100_1.jpg,2.390639462777116,6.712906536771739,10.51777946216338,9.833015834912345,20.217185514867765,-13.288857083542911,-20.11304066428185,1342.0,92.0,83.0,91.0,122.0,403.0,1126.0,1306.0,1724.0,246.0,281.0,0.0,0.0,0.0,0.0,0.0,0.0,0.0,0.0,0.0,85.0,0.0,0.0,0.0,0.0,0.0,0.0,0.0,0.0,0.0,82.0,0.0,1.0,2.0,1.0,0.0,1.0,0.0,0.0,1.0,271.0,2.0,0.0,1.0,0.0,0.0,0.0,0.0,0.0,0.0,25.0,0.0,0.0,0.0,0.0,0.0,0.0,0.0,0.0,0.0,435.0,0.0,0.0,0.0,0.0,0.0,0.0,0.0,0.0,0.0,88.0,65.0,63.0,56.0,77.0,199.0,206.0,426.0,949.0,148.0
32_100_1.jpg,2.393553364207929,6.699995162347263,10.469503019313262,9.781426976215975,20.352436699977467,-13.192388665964248,-19.93675882531605,1286.0,90.0,83.0,87.0,128.0,428.0,1080.0,1369.0,1641.0,188.0,304.0,2.0,0.0,0.0,0.0,0.0,0.0,0.0,0.0,0.0,63.0,0.0,0.0,0.0,0.0,0.0,0.0,0.0,0.0,0.0,80.0,0.0,2.0,2.0,0.0,0.0,2.0,0.0,0.0,0.0,280.0,1.0,1.0,1.0,1.0,0.0,0.0,0.0,0.0,0.0,24.0,0.0,0.0,0.0,0.0,0.0,0.0,0.0,0.0,0.0,438.0,0.0,0.0,0.0,0.0,0.0,0.0,0.0,0.0,0.0,131.0,67.0,71.0,60.0,86.0,175.0,210.0,433.0,1042.0,144.0
33_100_1.jpg,2.3960416560009605,6.729774431822363,10.341183472099003,9.778304226864881,-20.39186037736211,-13.144013614419714,-19.855694497443178,1251.0,84.0,78.0,99.0,134.0,402.0,1077.0,1398.0,1756.0,234.0,312.0,2.0,0.0,0.0,0.0,0.0,0.0,0.0,0.0,0.0,86.0,0.0,0.0,0.0,0.0,0.0,0.0,0.0,0.0,0.0,57.0,0.0,2.0,2.0,0.0,0.0,1.0,0.0,0.0,1.0,413.0,1.0,1.0,0.0,1.0,1.0,0.0,0.0,0.0,0.0,19.0,0.0,0.0,0.0,0.0,0.0,0.0,0.0,0.0,0.0,417.0,0.0,0.0,0.0,0.0,0.0,0.0,0.0,0.0,0.0,101.0,65.0,60.0,52.0,83.0,178.0,205.0,406.0,914.0,107.0
3_100_1.jpg,2.301741295428901,7.6666715270263905,10.420489515693555,9.717350842525649,-20.00778338196112,13.653525628304424,19.883370482874515,1099.0,106.0,121.0,123.0,170.0,353.0,1090.0,1223.0,1628.0,380.0,375.0,5.0,0.0,0.0,0.0,0.0,0.0,0.0,0.0,0.0,41.0,0.0,0.0,0.0,0.0,0.0,0.0,0.0,0.0,0.0,23.0,0.0,0.0,0.0,0.0,0.0,0.0,0.0,0.0,0.0,218.0,0.0,0.0,0.0,0.0,0.0,0.0,0.0,0.0,0.0,27.0,0.0,0.0,0.0,0.0,0.0,0.0,0.0,0.0,0.0,294.0,0.0,0.0,0.0,0.0,0.0,0.0,0.0,0.0,0.0,108.0,79.0,61.0,63.0,126.0,170.0,278.0,510.0,1258.0,71.0
4_100_1.jpg,2.305868890971205,7.571001156982568,10.34016841142545,9.612814221492888,-19.921670507460306,13.46079422647795,19.642260092384458,1105.0,118.0,138.0,112.0,169.0,363.0,1127.0,1251.0,1555.0,317.0,333.0,0.0,0.0,0.0,0.0,0.0,0.0,0.0,0.0,0.0,46.0,0.0,0.0,0.0,0.0,0.0,0.0,0.0,0.0,0.0,38.0,0.0,0.0,0.0,0.0,0.0,0.0,0.0,0.0,0.0,262.0,0.0,0.0,0.0,0.0,0.0,0.0,0.0,0.0,0.0,29.0,0.0,0.0,0.0,0.0,0.0,0.0,0.0,0.0,0.0,288.0,0.0,0.0,0.0,0.0,0.0,0.0,0.0,0.0,0.0,90.0,74.0,56.0,67.0,127.0,165.0,288.0,465.0,1342.0,75.0
5_100_1.jpg,2.2948440527405314,7.507282404212588,10.46425220092424,9.859660595811077,-20.064414090499042,13.943687767117627,20.395334212162027,1067.0,118.0,122.0,119.0,161.0,364.0,1152.0,1177.0,1603.0,376.0,345.0,8.0,0.0,0.0,0.0,0.0,0.0,0.0,0.0,0.0,31.0,0.0,0.0,0.0,0.0,0.0,0.0,0.0,0.0,0.0,47.0,0.0,0.0,0.0,0.0,0.0,0.0,0.0,0.0,0.0,282.0,0.0,0.0,0.0,0.0,0.0,0.0,0.0,0.0,0.0,12.0,0.0,0.0,0.0,0.0,0.0,0.0,0.0,0.0,0.0,283.0,0.0,0.0,0.0,0.0,0.0,0.0,0.0,0.0,0.0,80.0,66.0,64.0,69.0,139.0,148.0,229.0,502.0,1354.0,82.0
6_100_1.jpg,2.3225719962364284,7.3937576547583985,10.45180848092015,9.914961778624747,-20.11260038069318,14.32215574055821,-20.696851482743014,1123.0,123.0,112.0,107.0,142.0,367.0,1190.0,1136.0,1605.0,339.0,315.0,1.0,0.0,0.0,0.0,0.0,0.0,0.0,0.0,0.0,40.0,0.0,0.0,0.0,0.0,0.0,0.0,0.0,0.0,0.0,46.0,0.0,0.0,0.0,0.0,0.0,0.0,0.0,0.0,0.0,270.0,0.0,0.0,0.0,0.0,0.0,0.0,0.0,0.0,0.0,24.0,0.0,0.0,0.0,0.0,0.0,0.0,0.0,0.0,0.0,333.0,0.0,0.0,0.0,0.0,0.0,0.0,0.0,0.0,0.0,119.0,59.0,64.0,74.0,135.0,159.0,208.0,495.0,1336.0,78.0
7_100_1.jpg,2.308366218145983,7.426011020964653,10.453730070265783,9.934289783080933,-20.167525258026153,13.854339854920683,20.519209972482532,1100.0,124.0,109.0,100.0,147.0,418.0,1170.0,1194.0,1703.0,278.0,326.0,0.0,0.0,0.0,0.0,0.0,0.0,0.0,0.0,0.0,44.0,0.0,0.0,0.0,0.0,0.0,0.0,0.0,0.0,0.0,38.0,0.0,0.0,0.0,0.0,0.0,0.0,0.0,0.0,0.0,245.0,0.0,0.0,0.0,0.0,0.0,0.0,0.0,0.0,0.0,41.0,0.0,0.0,0.0,0.0,0.0,0.0,0.0,0.0,0.0,339.0,1.0,0.0,0.0,0.0,0.0,0.0,0.0,0.0,0.0,98.0,55.0,62.0,69.0,136.0,146.0,193.0,458.0,1331.0,75.0
8_100_1.jpg,2.306467876892869,7.328933024843137,10.51468762823157,9.836048050077263,-20.011689705108978,13.953152730460166,21.46120062698865,1080.0,133.0,107.0,102.0,128.0,408.0,1187.0,1118.0,1743.0,270.0,363.0,0.0,0.0,0.0,0.0,0.0,0.0,0.0,0.0,0.0,35.0,0.0,0.0,0.0,0.0,0.0,0.0,0.0,0.0,0.0,46.0,0.0,0.0,0.0,0.0,0.0,0.0,0.0,0.0,0.0,261.0,0.0,0.0,0.0,0.0,0.0,0.0,0.0,0.0,0.0,28.0,0.0,0.0,0.0,0.0,0.0,0.0,0.0,0.0,0.0,318.0,0.0,0.0,1.0,0.0,0.0,0.0,0.0,0.0,0.0,73.0,68.0,54.0,73.0,140.0,167.0,186.0,516.0,1327.0,68.0
9_100_1.jpg,2.3082939363809345,7.289181593118722,10.460273348807677,9.803985010540387,-19.94058269422604,13.766790026097125,20.781640692560615,1031.0,134.0,97.0,100.0,135.0,407.0,1195.0,1134.0,1742.0,301.0,328.0,1.0,0.0,0.0,0.0,0.0,0.0,0.0,0.0,0.0,41.0,0.0,0.0,0.0,0.0,0.0,0.0,0.0,0.0,0.0,37.0,0.0,0.0,0.0,0.0,0.0,0.0,0.0,0.0,0.0,330.0,0.0,0.0,0.0,0.0,0.0,0.0,0.0,0.0,0.0,34.0,0.0,0.0,0.0,0.0,0.0,0.0,0.0,0.0,0.0,309.0,0.0,0.0,0.0,0.0,0.0,0.0,0.0,0.0,0.0,95.0,69.0,68.0,70.0,123.0,140.0,184.0,499.0,1322.0,74.0
r_113_100_1.jpg,2.2737288781205303,7.1577498977777285,9.387822015262996,8.854918932456881,-18.04191227390298,12.444856926771443,18.26812471026274,1025.0,83.0,79.0,98.0,129.0,319.0,1023.0,1803.0,1836.0,268.0,263.0,0.0,0.0,0.0,0.0,22.0,45.0,6.0,1.0,0.0,51.0,0.0,0.0,0.0,0.0,0.0,0.0,0.0,0.0,0.0,60.0,0.0,0.0,0.0,0.0,0.0,0.0,0.0,0.0,0.0,273.0,0.0,0.0,0.0,0.0,0.0,0.0,0.0,0.0,0.0,31.0,0.0,0.0,0.0,0.0,0.0,0.0,0.0,0.0,0.0,351.0,0.0,0.0,0.0,0.0,0.0,0.0,0.0,0.0,0.0,91.0,73.0,63.0,94.0,101.0,143.0,437.0,845.0,375.0,12.0
r_114_100_1.jpg,2.2586417890721506,7.113532335285844,9.230572962980984,8.777419558726127,-17.951577315535033,12.351720709798728,17.913915301354347,935.0,89.0,74.0,97.0,130.0,335.0,1054.0,1816.0,1836.0,266.0,243.0,0.0,0.0,0.0,1.0,25.0,34.0,4.0,1.0,0.0,66.0,0.0,0.0,0.0,0.0,0.0,0.0,0.0,0.0,0.0,59.0,0.0,0.0,0.0,0.0,0.0,0.0,0.0,0.0,0.0,262.0,0.0,0.0,0.0,0.0,0.0,0.0,0.0,0.0,0.0,25.0,0.0,0.0,0.0,0.0,0.0,0.0,0.0,0.0,0.0,363.0,0.0,0.0,0.0,0.0,0.0,0.0,0.0,0.0,0.0,123.0,71.0,75.0,85.0,96.0,154.0,433.0,841.0,383.0,24.0
r_206_100_1.jpg,2.416212036713278,7.01021479605786,10.461534329538308,9.54852377946727,-19.635523806259368,-13.437540306990703,-19.80479766040884,1508.0,78.0,79.0,94.0,114.0,236.0,711.0,1459.0,1893.0,223.0,288.0,0.0,0.0,0.0,0.0,0.0,0.0,1.0,0.0,7.0,59.0,0.0,0.0,0.0,0.0,0.0,0.0,0.0,0.0,0.0,46.0,0.0,0.0,0.0,0.0,0.0,0.0,0.0,0.0,0.0,311.0,0.0,0.0,0.0,0.0,0.0,0.0,0.0,0.0,0.0,39.0,0.0,0.0,0.0,0.0,0.0,0.0,0.0,0.0,0.0,477.0,0.0,0.0,0.0,0.0,0.0,0.0,0.0,0.0,0.0,95.0,82.0,70.0,99.0,139.0,225.0,437.0,737.0,478.0,15.0
r_216_100_1.jpg,2.4404211929425697,6.930240244561493,10.868193790360063,9.76986689355325,-20.094698916981525,-13.452084920666085,-20.878391834869962,1564.0,76.0,62.0,92.0,97.0,215.0,602.0,1182.0,2110.0,291.0,312.0,0.0,0.0,0.0,0.0,0.0,1.0,3.0,2.0,11.0,96.0,0.0,0.0,0.0,0.0,0.0,0.0,0.0,0.0,0.0,70.0,0.0,0.0,0.0,0.0,0.0,0.0,0.0,0.0,0.0,332.0,0.0,0.0,0.0,0.0,0.0,0.0,0.0,0.0,0.0,35.0,0.0,0.0,0.0,0.0,0.0,0.0,0.0,0.0,0.0,446.0,0.0,0.0,0.0,0.0,0.0,0.0,0.0,0.0,0.0,109.0,61.0,57.0,84.0,114.0,178.0,384.0,840.0,563.0,11.0
r_217_100_1.jpg,2.4299745633452527,6.885507168428015,10.657391865740246,9.799524017599582,-20.029217770666623,-13.51603806218929,-21.151000631675135,1535.0,85.0,78.0,79.0,112.0,200.0,638.0,1265.0,1923.0,240.0,300.0,0.0,0.0,2.0,0.0,1.0,0.0,2.0,5.0,8.0,73.0,0.0,0.0,0.0,0.0,0.0,0.0,0.0,0.0,0.0,51.0,0.0,0.0,0.0,0.0,0.0,0.0,0.0,0.0,0.0,331.0,0.0,0.0,0.0,0.0,0.0,0.0,0.0,0.0,0.0,29.0,0.0,0.0,0.0,0.0,0.0,0.0,0.0,0.0,0.0,486.0,0.0,0.0,0.0,0.0,0.0,0.0,0.0,0.0,0.0,105.0,55.0,62.0,86.0,101.0,184.0,389.0,831.0,712.0,32.0
r_218_100_1.jpg,2.4433850736834923,6.925400956308768,10.753024297584503,9.740431156297346,-20.029995165580246,-13.541891417641551,-20.360696316643484,1616.0,77.0,61.0,95.0,111.0,187.0,614.0,1213.0,2060.0,226.0,328.0,0.0,0.0,0.0,0.0,1.0,3.0,6.0,1.0,13.0,65.0,0.0,0.0,1.0,0.0,1.0,0.0,0.0,0.0,0.0,46.0,0.0,0.0,0.0,0.0,0.0,0.0,0.0,0.0,0.0,383.0,0.0,0.0,0.0,0.0,0.0,0.0,0.0,0.0,0.0,32.0,0.0,0.0,0.0,0.0,0.0,0.0,0.0,0.0,0.0,409.0,0.0,0.0,0.0,0.0,0.0,0.0,0.0,0.0,0.0,101.0,60.0,53.0,82.0,115.0,182.0,370.0,819.0,637.0,32.0
r_219_100_1.jpg,2.4376094861352495,6.874586723738809,10.758228258753114,9.79444387140547,-20.086304386410088,-13.609510234274543,-20.65136496558501,1576.0,75.0,61.0,85.0,119.0,186.0,586.0,1143.0,2015.0,285.0,321.0,0.0,0.0,2.0,2.0,3.0,2.0,3.0,3.0,7.0,68.0,0.0,0.0,0.0,0.0,0.0,0.0,0.0,0.0,1.0,78.0,0.0,0.0,0.0,0.0,0.0,0.0,0.0,0.0,0.0,320.0,0.0,0.0,0.0,0.0,0.0,0.0,0.0,0.0,0.0,33.0,0.0,0.0,0.0,0.0,0.0,0.0,0.0,0.0,0.0,444.0,0.0,0.0,0.0,0.0,0.0,0.0,0.0,0.0,0.0,125.0,55.0,51.0,84.0,109.0,180.0,386.0,876.0,680.0,36.0
r_220_100_1.jpg,2.4535594176996276,6.9193431951140125,10.986998109152255,9.946780693405794,-20.41384269435646,-13.554455392483037,21.96361356403914,1655.0,62.0,74.0,97.0,114.0,166.0,522.0,954.0,2175.0,288.0,335.0,0.0,0.0,0.0,1.0,1.0,5.0,5.0,3.0,7.0,109.0,0.0,0.0,0.0,0.0,0.0,0.0,0.0,0.0,0.0,82.0,0.0,0.0,0.0,0.0,0.0,0.0,0.0,0.0,0.0,306.0,0.0,0.0,0.0,0.0,0.0,0.0,0.0,0.0,0.0,36.0,0.0,0.0,0.0,0.0,0.0,0.0,0.0,0.0,0.0,423.0,0.0,0.0,0.0,0.0,0.0,0.0,0.0,0.0,0.0,100.0,63.0,55.0,71.0,105.0,189.0,396.0,915.0,660.0,26.0
r_221_100_1.jpg,2.4551273161109464,6.925567046881744,11.132284810586665,10.000471747157944,-20.58914648606061,-13.527352795583024,21.07216207331439,1696.0,69.0,76.0,92.0,107.0,153.0,516.0,1007.0,2212.0,301.0,271.0,0.0,0.0,2.0,1.0,0.0,3.0,1.0,3.0,10.0,91.0,0.0,0.0,0.0,0.0,0.0,0.0,0.0,0.0,0.0,78.0,0.0,0.0,0.0,0.0,0.0,0.0,0.0,0.0,0.0,328.0,0.0,0.0,0.0,0.0,0.0,0.0,0.0,0.0,0.0,32.0,0.0,0.0,0.0,0.0,0.0,0.0,0.0,0.0,0.0,452.0,0.0,0.0,0.0,0.0,0.0,0.0,0.0,0.0,0.0,105.0,59.0,51.0,64.0,112.0,172.0,390.0,893.0,623.0,30.0
r_222_100_1.jpg,2.454973866465205,6.923691395758052,11.179596393284863,9.997638755769355,-20.61070200064957,-13.522013195748821,21.072640692898805,1694.0,69.0,71.0,99.0,110.0,135.0,504.0,1004.0,2170.0,281.0,233.0,0.0,0.0,0.0,0.0,1.0,4.0,3.0,6.0,5.0,78.0,0.0,0.0,0.0,0.0,0.0,0.0,0.0,0.0,0.0,66.0,0.0,0.0,0.0,0.0,0.0,0.0,0.0,0.0,0.0,303.0,0.0,0.0,0.0,0.0,0.0,0.0,0.0,0.0,0.0,40.0,0.0,0.0,0.0,0.0,0.0,0.0,0.0,0.0,0.0,524.0,0.0,0.0,0.0,0.0,0.0,0.0,0.0,0.0,0.0,110.0,53.0,57.0,71.0,104.0,183.0,389.0,925.0,666.0,42.0
r_223_100_1.jpg,2.456977228079088,6.929928394416123,11.201760904413549,10.009006877326515,-20.622103526601922,-13.578711439322872,21.343008027053703,1724.0,76.0,74.0,101.0,93.0,146.0,465.0,950.0,2262.0,300.0,306.0,0.0,0.0,1.0,0.0,3.0,4.0,8.0,3.0,3.0,71.0,0.0,0.0,0.0,0.0,0.0,1.0,0.0,0.0,0.0,92.0,0.0,0.0,0.0,0.0,0.0,0.0,0.0,0.0,0.0,358.0,0.0,0.0,0.0,0.0,0.0,0.0,0.0,0.0,0.0,28.0,0.0,0.0,0.0,0.0,0.0,0.0,0.0,0.0,0.0,399.0,0.0,0.0,0.0,0.0,0.0,0.0,0.0,0.0,0.0,92.0,56.0,53.0,63.0,123.0,174.0,379.0,925.0,625.0,42.0
r_224_100_1.jpg,2.4522803667264785,6.890706348602525,10.960661484229144,9.910110323580025,-20.347386906459164,-13.45591642827714,21.376509141565062,1685.0,71.0,75.0,99.0,103.0,137.0,506.0,922.0,2214.0,302.0,318.0,0.0,0.0,1.0,2.0,2.0,4.0,3.0,3.0,8.0,60.0,0.0,0.0,0.0,0.0,0.0,0.0,0.0,0.0,1.0,72.0,0.0,0.0,0.0,0.0,0.0,0.0,0.0,0.0,0.0,300.0,0.0,0.0,0.0,0.0,0.0,0.0,0.0,0.0,0.0,34.0,0.0,0.0,0.0,0.0,0.0,0.0,0.0,0.0,0.0,452.0,0.0,0.0,0.0,0.0,0.0,0.0,0.0,0.0,0.0,109.0,55.0,60.0,67.0,118.0,194.0,323.0,987.0,670.0,43.0
r_225_100_1.jpg,2.4592834492719704,6.919654911692005,11.2765160270154,9.950824190094874,-20.577211263765534,-13.48442614120569,21.18700716853212,1731.0,66.0,83.0,97.0,96.0,156.0,445.0,979.0,2186.0,352.0,323.0,0.0,0.0,2.0,0.0,1.0,4.0,5.0,1.0,6.0,109.0,0.0,0.0,0.0,0.0,0.0,0.0,0.0,0.0,0.0,56.0,0.0,0.0,0.0,0.0,0.0,0.0,0.0,0.0,0.0,360.0,0.0,0.0,0.0,0.0,0.0,0.0,0.0,0.0,0.0,26.0,0.0,0.0,0.0,0.0,0.0,0.0,0.0,0.0,0.0,347.0,0.0,0.0,0.0,0.0,0.0,0.0,0.0,0.0,0.0,121.0,61.0,55.0,62.0,120.0,167.0,361.0,925.0,657.0,40.0
r_226_100_1.jpg,2.454954288813448,6.892110970366812,11.244359570147548,9.895699372835097,-20.501924816443026,-13.377403121798062,20.872622529879283,1703.0,71.0,79.0,88.0,104.0,145.0,450.0,1016.0,2180.0,350.0,326.0,0.0,0.0,0.0,1.0,7.0,2.0,2.0,5.0,4.0,90.0,0.0,0.0,0.0,0.0,0.0,0.0,0.0,0.0,1.0,59.0,0.0,0.0,0.0,0.0,0.0,0.0,0.0,0.0,0.0,360.0,0.0,0.0,0.0,0.0,0.0,0.0,0.0,0.0,0.0,38.0,0.0,0.0,0.0,0.0,0.0,0.0,0.0,0.0,0.0,377.0,0.0,0.0,0.0,0.0,0.0,0.0,0.0,0.0,0.0,98.0,61.0,52.0,69.0,120.0,172.0,337.0,957.0,640.0,36.0
r_227_100_1.jpg,2.4487920567823234,6.836250504594938,11.242180523457563,9.842449298307988,-20.394409111851548,-13.26819684319279,21.065797044478217,1670.0,74.0,66.0,91.0,99.0,162.0,474.0,971.0,2146.0,308.0,286.0,0.0,1.0,0.0,1.0,3.0,6.0,1.0,8.0,12.0,86.0,0.0,0.0,0.0,0.0,0.0,0.0,0.0,0.0,0.0,72.0,0.0,0.0,0.0,0.0,0.0,0.0,0.0,0.0,0.0,312.0,0.0,0.0,0.0,0.0,0.0,0.0,0.0,0.0,0.0,31.0,0.0,0.0,0.0,0.0,0.0,0.0,0.0,0.0,0.0,463.0,0.0,0.0,0.0,0.0,0.0,0.0,0.0,0.0,0.0,94.0,61.0,60.0,65.0,97.0,189.0,319.0,981.0,748.0,43.0
r_228_100_1.jpg,2.4498766512047494,6.835470982706396,11.253541448347029,9.839961761583595,-20.39559166871667,-13.266950260263895,21.08534958975164,1701.0,70.0,70.0,82.0,102.0,148.0,463.0,915.0,2162.0,327.0,329.0,0.0,0.0,0.0,1.0,2.0,3.0,4.0,6.0,8.0,71.0,0.0,0.0,0.0,0.0,0.0,0.0,0.0,0.0,0.0,48.0,0.0,0.0,0.0,0.0,0.0,0.0,0.0,0.0,0.0,329.0,0.0,0.0,0.0,0.0,0.0,0.0,0.0,0.0,0.0,29.0,0.0,0.0,0.0,0.0,0.0,0.0,0.0,0.0,0.0,416.0,0.0,0.0,0.0,0.0,0.0,0.0,0.0,0.0,0.0,105.0,59.0,59.0,65.0,87.0,202.0,326.0,980.0,793.0,38.0
r_229_100_1.jpg,2.4499164295760623,6.84547088757051,11.306430041862201,9.857314385048983,-20.451976068789772,-13.29192416555727,21.060500827501247,1682.0,74.0,71.0,86.0,98.0,155.0,429.0,935.0,2244.0,221.0,321.0,0.0,0.0,0.0,0.0,4.0,3.0,5.0,5.0,8.0,86.0,0.0,0.0,0.0,0.0,0.0,0.0,0.0,0.0,0.0,68.0,0.0,0.0,0.0,0.0,0.0,0.0,0.0,0.0,0.0,311.0,0.0,0.0,0.0,0.0,0.0,0.0,0.0,0.0,0.0,31.0,0.0,0.0,0.0,0.0,0.0,0.0,0.0,0.0,0.0,417.0,0.0,0.0,0.0,0.0,0.0,0.0,0.0,0.0,0.0,110.0,54.0,57.0,68.0,89.0,216.0,332.0,1004.0,789.0,27.0
r_230_100_1.jpg,2.4522778252629136,6.887602611870039,11.518708877128297,9.922932752847148,-20.752764143170182,-13.38209799510502,20.84562627357278,1692.0,74.0,68.0,92.0,86.0,164.0,412.0,904.0,2163.0,326.0,308.0,0.0,0.0,0.0,0.0,1.0,1.0,5.0,7.0,9.0,77.0,0.0,0.0,0.0,0.0,0.0,0.0,0.0,0.0,0.0,41.0,0.0,0.0,0.0,0.0,0.0,0.0,0.0,0.0,0.0,351.0,0.0,0.0,0.0,0.0,0.0,0.0,0.0,0.0,0.0,31.0,0.0,0.0,0.0,0.0,0.0,0.0,0.0,0.0,0.0,435.0,0.0,0.0,0.0,0.0,0.0,0.0,0.0,0.0,0.0,98.0,62.0,53.0,65.0,92.0,188.0,375.0,957.0,812.0,51.0
r_231_100_1.jpg,2.4500749700173468,6.84860122957835,11.449825728278688,10.00243689257234,-21.080138685121636,-13.455933533063014,20.776504954073967,1619.0,80.0,72.0,84.0,96.0,154.0,400.0,955.0,1963.0,315.0,293.0,0.0,0.0,0.0,2.0,4.0,3.0,2.0,3.0,5.0,86.0,0.0,0.0,0.0,0.0,0.0,0.0,0.0,0.0,0.0,60.0,0.0,0.0,0.0,0.0,0.0,0.0,0.0,0.0,0.0,370.0,0.0,0.0,0.0,0.0,0.0,0.0,0.0,0.0,0.0,22.0,0.0,0.0,0.0,0.0,0.0,0.0,0.0,0.0,0.0,479.0,0.0,0.0,0.0,0.0,0.0,0.0,0.0,0.0,0.0,102.0,58.0,57.0,64.0,96.0,175.0,384.0,1056.0,873.0,68.0
r_232_100_1.jpg,2.4509432147299384,6.851619219175893,11.435719368076182,9.999444286386396,-20.97250877346231,-13.459850760743056,20.797080856099267,1767.0,73.0,68.0,85.0,93.0,164.0,366.0,905.0,2090.0,303.0,314.0,0.0,0.0,1.0,1.0,2.0,1.0,4.0,4.0,7.0,69.0,0.0,0.0,0.0,0.0,0.0,0.0,0.0,0.0,0.0,35.0,0.0,0.0,0.0,0.0,0.0,0.0,0.0,0.0,0.0,320.0,0.0,0.0,0.0,0.0,0.0,0.0,0.0,0.0,0.0,27.0,0.0,0.0,0.0,0.0,0.0,0.0,0.0,0.0,0.0,398.0,0.0,0.0,0.0,0.0,0.0,0.0,0.0,0.0,0.0,114.0,61.0,61.0,59.0,102.0,160.0,394.0,1003.0,869.0,80.0
r_233_100_1.jpg,2.4519315310018164,6.854628035389387,11.40555638865102,10.015631837407714,-20.937215010293965,-13.489659542159139,20.829491985729355,1711.0,80.0,73.0,78.0,101.0,150.0,426.0,926.0,1990.0,288.0,330.0,0.0,0.0,0.0,0.0,4.0,2.0,5.0,3.0,8.0,66.0,0.0,0.0,0.0,0.0,0.0,0.0,0.0,1.0,1.0,50.0,0.0,0.0,0.0,0.0,0.0,0.0,0.0,0.0,0.0,333.0,0.0,0.0,0.0,0.0,0.0,0.0,0.0,0.0,0.0,34.0,0.0,0.0,0.0,0.0,0.0,0.0,0.0,0.0,0.0,419.0,0.0,0.0,0.0,0.0,0.0,0.0,0.0,0.0,0.0,108.0,51.0,70.0,61.0,97.0,167.0,399.0,956.0,971.0,41.0
r_234_100_1.jpg,2.4531318746582107,6.856726911255728,11.398856607754881,10.019707035136344,-20.919378866536842,-13.496358353755575,20.845827552318877,1820.0,72.0,75.0,75.0,110.0,146.0,407.0,896.0,2028.0,335.0,274.0,0.0,1.0,3.0,2.0,4.0,1.0,3.0,1.0,5.0,52.0,0.0,0.0,1.0,1.0,1.0,0.0,2.0,0.0,1.0,53.0,0.0,0.0,0.0,0.0,0.0,0.0,0.0,0.0,0.0,348.0,0.0,0.0,0.0,0.0,0.0,0.0,0.0,0.0,0.0,39.0,0.0,0.0,0.0,0.0,0.0,0.0,0.0,0.0,0.0,377.0,0.0,0.0,0.0,0.0,0.0,0.0,0.0,0.0,0.0,95.0,50.0,59.0,64.0,106.0,158.0,402.0,985.0,904.0,44.0
r_241_100_1.jpg,2.4426250428523346,6.825413973595739,12.310436041722442,9.83031742850539,-21.04730969728158,-13.260208957088665,21.055179933489992,1679.0,63.0,74.0,82.0,96.0,182.0,500.0,893.0,1833.0,282.0,296.0,0.0,0.0,1.0,0.0,3.0,5.0,0.0,2.0,1.0,74.0,0.0,0.0,0.0,0.0,0.0,0.0,0.0,0.0,0.0,53.0,0.0,0.0,0.0,0.0,0.0,0.0,0.0,0.0,0.0,353.0,0.0,0.0,0.0,0.0,0.0,0.0,0.0,0.0,0.0,26.0,0.0,0.0,0.0,0.0,0.0,0.0,0.0,0.0,0.0,406.0,0.0,0.0,0.0,0.0,0.0,0.0,0.0,0.0,0.0,103.0,47.0,59.0,64.0,132.0,221.0,368.0,985.0,1089.0,28.0
r_242_100_1.jpg,2.4392130131855425,6.799010684563024,11.909327981501304,9.904784248003848,21.16035845642673,-13.308769356841072,20.860537770609113,1564.0,66.0,79.0,82.0,95.0,173.0,518.0,864.0,1773.0,359.0,335.0,1.0,0.0,0.0,0.0,2.0,2.0,0.0,2.0,0.0,69.0,0.0,0.0,0.0,0.0,0.0,0.0,0.0,0.0,0.0,69.0,0.0,0.0,0.0,0.0,0.0,0.0,0.0,0.0,0.0,359.0,0.0,0.0,0.0,0.0,0.0,0.0,0.0,0.0,0.0,28.0,0.0,0.0,0.0,0.0,0.0,0.0,0.0,0.0,0.0,432.0,0.0,0.0,0.0,0.0,0.0,0.0,0.0,0.0,0.0,124.0,57.0,53.0,62.0,135.0,200.0,359.0,993.0,1110.0,35.0
r_58_100_1.jpg,2.4200481526783717,6.909519661093372,10.744973980494743,10.287266499316072,-21.27087522457716,-13.747160916808783,-20.83019770677558,1714.0,74.0,68.0,80.0,126.0,427.0,1095.0,1886.0,1468.0,187.0,275.0,0.0,0.0,1.0,62.0,84.0,69.0,35.0,5.0,1.0,60.0,0.0,0.0,0.0,0.0,0.0,0.0,0.0,0.0,0.0,52.0,0.0,0.0,0.0,0.0,0.0,0.0,0.0,0.0,0.0,297.0,0.0,0.0,0.0,0.0,0.0,0.0,0.0,0.0,0.0,26.0,0.0,0.0,0.0,0.0,0.0,0.0,0.0,0.0,0.0,353.0,0.0,0.0,0.0,0.0,0.0,0.0,0.0,0.0,0.0,126.0,64.0,59.0,60.0,86.0,171.0,327.0,475.0,174.0,13.0
r_59_100_1.jpg,2.422189991009172,6.915511933050708,10.68623869533882,10.158375910776007,-20.877312064319092,-13.630333628088074,-20.64463967903259,1641.0,78.0,59.0,73.0,127.0,432.0,1040.0,1880.0,1414.0,161.0,270.0,0.0,1.0,5.0,52.0,85.0,84.0,29.0,9.0,4.0,66.0,0.0,0.0,0.0,0.0,0.0,0.0,0.0,0.0,0.0,62.0,0.0,0.0,0.0,0.0,0.0,0.0,0.0,0.0,0.0,333.0,0.0,0.0,0.0,0.0,0.0,0.0,0.0,0.0,0.0,30.0,0.0,0.0,0.0,0.0,0.0,0.0,0.0,0.0,0.0,385.0,0.0,0.0,0.0,0.0,0.0,0.0,0.0,0.0,0.0,119.0,71.0,65.0,60.0,88.0,162.0,352.0,508.0,244.0,11.0
r_60_100_1.jpg,2.416560223630912,6.916918958886923,10.588658745825422,10.123751140630093,-20.489640850689064,-13.75534064721858,-21.160113043274492,1766.0,81.0,53.0,70.0,121.0,410.0,1038.0,1934.0,1467.0,223.0,313.0,1.0,0.0,3.0,57.0,80.0,75.0,28.0,7.0,5.0,83.0,0.0,0.0,0.0,0.0,0.0,0.0,0.0,0.0,0.0,49.0,0.0,0.0,0.0,0.0,0.0,0.0,0.0,0.0,0.0,222.0,0.0,0.0,0.0,0.0,0.0,0.0,0.0,0.0,0.0,27.0,0.0,0.0,0.0,0.0,0.0,0.0,0.0,0.0,0.0,328.0,0.0,0.0,0.0,0.0,0.0,0.0,0.0,0.0,0.0,82.0,75.0,63.0,63.0,90.0,149.0,344.0,493.0,194.0,6.0
r_61_100_1.jpg,2.4294497648550473,6.943694398028811,10.603595366806587,10.329761293620997,-20.796767840270377,-14.025429646834759,-22.20690070682351,1747.0,80.0,57.0,77.0,112.0,417.0,990.0,1908.0,1479.0,188.0,253.0,0.0,0.0,2.0,55.0,89.0,72.0,14.0,8.0,4.0,67.0,0.0,0.0,0.0,0.0,0.0,0.0,0.0,0.0,0.0,75.0,0.0,0.0,0.0,0.0,0.0,0.0,0.0,0.0,0.0,253.0,0.0,0.0,0.0,0.0,0.0,0.0,0.0,0.0,0.0,29.0,0.0,0.0,0.0,0.0,0.0,0.0,0.0,0.0,0.0,426.0,0.0,0.0,0.0,0.0,0.0,0.0,0.0,0.0,0.0,104.0,74.0,64.0,58.0,86.0,152.0,347.0,517.0,190.0,6.0
r_62_100_1.jpg,2.4258550594727417,6.920204694373012,10.650404304049127,10.12511953946047,-20.693756574119273,-13.611841881096185,-20.63676509200551,1789.0,80.0,62.0,68.0,111.0,388.0,964.0,1961.0,1510.0,201.0,275.0,0.0,0.0,2.0,59.0,81.0,81.0,18.0,6.0,9.0,76.0,0.0,0.0,0.0,0.0,0.0,0.0,0.0,0.0,0.0,62.0,0.0,0.0,0.0,0.0,0.0,0.0,0.0,0.0,0.0,280.0,0.0,0.0,0.0,0.0,0.0,0.0,0.0,0.0,0.0,33.0,0.0,0.0,0.0,0.0,0.0,0.0,0.0,0.0,0.0,308.0,0.0,0.0,0.0,0.0,0.0,0.0,0.0,0.0,0.0,103.0,63.0,68.0,64.0,78.0,148.0,331.0,530.0,182.0,9.0
r_63_100_1.jpg,2.4278936511828513,6.921459519785155,10.556879793327536,10.214510215658109,-20.619814277575607,-13.798856046220871,-21.13208477095499,1763.0,72.0,62.0,71.0,113.0,359.0,970.0,1821.0,1552.0,210.0,296.0,0.0,0.0,0.0,53.0,91.0,72.0,21.0,5.0,6.0,76.0,0.0,0.0,0.0,0.0,0.0,0.0,0.0,0.0,0.0,72.0,0.0,0.0,0.0,0.0,0.0,0.0,0.0,0.0,0.0,267.0,0.0,0.0,0.0,0.0,0.0,0.0,0.0,0.0,0.0,41.0,0.0,0.0,0.0,0.0,0.0,0.0,0.0,0.0,0.0,336.0,0.0,0.0,0.0,0.0,0.0,0.0,0.0,0.0,0.0,88.0,66.0,71.0,56.0,85.0,138.0,346.0,601.0,211.0,9.0
r_64_100_1.jpg,2.4304444501944737,6.906985732843363,10.482422680033833,10.092936347598824,-20.43712838978717,-14.111445104363991,20.70056445260292,1770.0,82.0,57.0,79.0,119.0,355.0,879.0,1917.0,1608.0,213.0,309.0,0.0,0.0,1.0,52.0,76.0,82.0,34.0,9.0,7.0,57.0,0.0,0.0,0.0,0.0,0.0,0.0,0.0,0.0,0.0,51.0,0.0,0.0,0.0,0.0,0.0,0.0,0.0,0.0,0.0,259.0,0.0,0.0,0.0,0.0,0.0,0.0,0.0,0.0,0.0,38.0,0.0,0.0,0.0,0.0,0.0,0.0,0.0,0.0,0.0,355.0,0.0,0.0,0.0,0.0,0.0,0.0,0.0,0.0,0.0,91.0,60.0,65.0,68.0,70.0,125.0,337.0,583.0,181.0,11.0
r_65_100_1.jpg,2.4347004860864763,6.960572338066388,10.494914023116976,10.212016309935752,-20.6210457054034,-14.42445684166537,20.88865101201244,1751.0,71.0,54.0,87.0,115.0,323.0,911.0,1878.0,1652.0,186.0,310.0,0.0,0.0,0.0,35.0,81.0,84.0,31.0,2.0,10.0,58.0,0.0,0.0,0.0,0.0,0.0,0.0,0.0,0.0,0.0,64.0,0.0,0.0,0.0,0.0,0.0,0.0,0.0,0.0,0.0,245.0,0.0,0.0,0.0,0.0,0.0,0.0,0.0,0.0,0.0,21.0,0.0,0.0,0.0,0.0,0.0,0.0,0.0,0.0,0.0,397.0,0.0,0.0,0.0,0.0,0.0,0.0,0.0,0.0,0.0,104.0,66.0,77.0,63.0,77.0,134.0,313.0,603.0,191.0,6.0
r_66_100_1.jpg,2.432115412885018,6.924923412158602,10.53651659433438,10.11153542192119,-20.462157702702136,-13.989256899187842,20.90469062286383,1754.0,67.0,61.0,79.0,112.0,313.0,897.0,1842.0,1716.0,220.0,313.0,0.0,0.0,0.0,33.0,85.0,82.0,26.0,6.0,5.0,73.0,0.0,0.0,0.0,0.0,0.0,0.0,0.0,0.0,0.0,66.0,0.0,0.0,0.0,0.0,0.0,0.0,0.0,0.0,0.0,240.0,0.0,0.0,0.0,0.0,0.0,0.0,0.0,0.0,0.0,36.0,0.0,0.0,0.0,0.0,0.0,0.0,0.0,0.0,0.0,378.0,0.0,0.0,0.0,0.0,0.0,0.0,0.0,0.0,0.0,87.0,68.0,75.0,73.0,71.0,116.0,332.0,571.0,202.0,1.0
r_67_100_1.jpg,2.4289134715636007,6.932814436147585,10.448913040027046,10.096041209948309,-20.36864413841517,-13.748983957241967,21.98711206546143,1764.0,78.0,55.0,83.0,118.0,303.0,903.0,1876.0,1720.0,221.0,307.0,0.0,0.0,0.0,36.0,84.0,89.0,22.0,4.0,5.0,59.0,0.0,0.0,0.0,0.0,0.0,0.0,0.0,0.0,0.0,49.0,0.0,0.0,0.0,0.0,0.0,0.0,0.0,0.0,0.0,235.0,0.0,0.0,0.0,0.0,0.0,0.0,0.0,0.0,0.0,46.0,0.0,0.0,0.0,0.0,0.0,0.0,0.0,0.0,0.0,377.0,0.0,0.0,0.0,0.0,0.0,0.0,0.0,0.0,0.0,96.0,62.0,70.0,78.0,69.0,108.0,284.0,607.0,185.0,7.0
r_68_100_1.jpg,2.43599527810093,6.978412481644413,10.410230334269274,10.114471441302609,-20.572016819291388,16.84844943613728,20.490300682775935,1738.0,80.0,55.0,76.0,116.0,283.0,873.0,1810.0,1825.0,209.0,327.0,0.0,0.0,0.0,27.0,84.0,84.0,26.0,6.0,9.0,60.0,0.0,0.0,0.0,0.0,0.0,0.0,0.0,0.0,0.0,75.0,0.0,0.0,0.0,0.0,0.0,0.0,0.0,0.0,0.0,256.0,0.0,0.0,0.0,0.0,0.0,0.0,0.0,0.0,0.0,41.0,0.0,0.0,0.0,0.0,0.0,0.0,0.0,0.0,0.0,343.0,0.0,0.0,0.0,0.0,0.0,0.0,0.0,0.0,0.0,105.0,68.0,65.0,74.0,64.0,121.0,324.0,577.0,189.0,10.0
r_69_100_1.jpg,2.4387103117133453,6.98515094467178,10.405203317586535,10.078432440757853,-20.41519258672821,-14.32101086236139,20.545641928246464,1793.0,79.0,57.0,83.0,94.0,285.0,886.0,1839.0,1785.0,210.0,329.0,0.0,0.0,0.0,23.0,81.0,90.0,13.0,6.0,8.0,74.0,0.0,0.0,0.0,0.0,0.0,0.0,0.0,0.0,0.0,44.0,0.0,0.0,0.0,0.0,0.0,0.0,0.0,0.0,0.0,240.0,0.0,0.0,0.0,0.0,0.0,0.0,0.0,0.0,0.0,27.0,0.0,0.0,0.0,0.0,0.0,0.0,0.0,0.0,0.0,371.0,0.0,0.0,0.0,0.0,0.0,0.0,0.0,0.0,0.0,97.0,58.0,69.0,72.0,75.0,120.0,288.0,605.0,183.0,16.0
r_70_100_1.jpg,2.4297622435544177,6.900729294652601,10.315684810109932,9.922937412240291,-20.099343744326916,-13.790083434548613,20.360248263262676,1722.0,81.0,57.0,90.0,96.0,298.0,846.0,1842.0,1785.0,248.0,325.0,0.0,0.0,0.0,22.0,86.0,90.0,19.0,9.0,12.0,66.0,0.0,0.0,0.0,0.0,0.0,0.0,0.0,0.0,0.0,47.0,0.0,0.0,0.0,0.0,0.0,0.0,0.0,0.0,0.0,286.0,0.0,0.0,0.0,0.0,0.0,0.0,0.0,0.0,0.0,34.0,0.0,0.0,0.0,0.0,0.0,0.0,0.0,0.0,0.0,349.0,0.0,0.0,0.0,0.0,0.0,0.0,0.0,0.0,0.0,86.0,53.0,66.0,83.0,72.0,107.0,273.0,626.0,217.0,7.0
r_71_100_1.jpg,2.425302432810229,6.928701200213848,10.27613719012869,9.999239768884223,-20.226152546040144,-13.938272911885862,20.373150560913942,1750.0,82.0,63.0,71.0,108.0,273.0,831.0,1865.0,1876.0,229.0,335.0,0.0,0.0,1.0,15.0,84.0,83.0,28.0,7.0,8.0,51.0,0.0,0.0,0.0,0.0,0.0,0.0,0.0,0.0,0.0,43.0,0.0,0.0,0.0,0.0,0.0,0.0,0.0,0.0,0.0,281.0,0.0,0.0,0.0,0.0,0.0,0.0,0.0,0.0,0.0,41.0,0.0,0.0,0.0,0.0,0.0,0.0,0.0,0.0,0.0,330.0,0.0,0.0,0.0,0.0,0.0,0.0,0.0,0.0,0.0,76.0,61.0,70.0,86.0,74.0,105.0,271.0,628.0,165.0,9.0
r_72_100_1.jpg,2.431068383140767,6.940985021725342,10.317770279904643,9.942602954460982,-20.4332066235953,14.60736437134298,20.118595446158096,1683.0,90.0,53.0,78.0,102.0,245.0,784.0,1802.0,1952.0,235.0,299.0,0.0,0.0,0.0,10.0,86.0,85.0,36.0,6.0,9.0,82.0,0.0,0.0,0.0,0.0,0.0,0.0,0.0,0.0,0.0,63.0,0.0,0.0,0.0,0.0,0.0,0.0,0.0,0.0,0.0,316.0,0.0,0.0,0.0,0.0,0.0,0.0,0.0,0.0,0.0,35.0,0.0,0.0,0.0,0.0,0.0,0.0,0.0,0.0,0.0,333.0,0.0,0.0,0.0,0.0,0.0,0.0,0.0,0.0,0.0,107.0,57.0,75.0,81.0,79.0,108.0,288.0,664.0,146.0,11.0
r_73_100_1.jpg,2.4304445780004973,6.933129124909329,10.282782299976786,9.92498670167051,-20.34322816698924,15.384467555714963,20.087074011647932,1712.0,82.0,59.0,74.0,116.0,248.0,828.0,1803.0,1971.0,230.0,312.0,0.0,0.0,0.0,9.0,86.0,81.0,26.0,8.0,11.0,71.0,0.0,0.0,0.0,0.0,0.0,0.0,0.0,0.0,0.0,49.0,0.0,0.0,0.0,0.0,0.0,0.0,0.0,0.0,0.0,271.0,0.0,0.0,0.0,0.0,0.0,0.0,0.0,0.0,0.0,36.0,0.0,0.0,0.0,0.0,0.0,0.0,0.0,0.0,0.0,359.0,0.0,0.0,0.0,0.0,0.0,0.0,0.0,0.0,0.0,104.0,65.0,75.0,81.0,77.0,102.0,263.0,624.0,161.0,6.0
r_74_100_1.jpg,2.433202846840301,6.957174040915884,10.345574551416284,10.006597946834145,-20.489055355579538,-15.41119843721202,20.2434019774193,1727.0,85.0,59.0,77.0,110.0,227.0,793.0,1812.0,2051.0,261.0,305.0,0.0,0.0,1.0,10.0,76.0,87.0,31.0,5.0,11.0,75.0,0.0,0.0,0.0,0.0,0.0,0.0,0.0,0.0,0.0,59.0,0.0,0.0,0.0,0.0,0.0,0.0,0.0,0.0,0.0,277.0,0.0,0.0,0.0,0.0,0.0,0.0,0.0,0.0,0.0,33.0,0.0,0.0,0.0,0.0,0.0,0.0,0.0,0.0,0.0,370.0,0.0,0.0,0.0,0.0,0.0,0.0,0.0,0.0,0.0,88.0,67.0,73.0,76.0,83.0,89.0,266.0,586.0,127.0,3.0
r_75_100_1.jpg,2.4343653199486712,7.003513982698784,10.327230881516718,10.047922135287436,-20.79460371471956,14.2153325603013,20.252702856414015,1776.0,90.0,56.0,80.0,116.0,203.0,766.0,1863.0,1983.0,235.0,281.0,0.0,0.0,0.0,9.0,82.0,91.0,36.0,5.0,9.0,55.0,0.0,0.0,0.0,0.0,0.0,0.0,0.0,0.0,0.0,59.0,0.0,0.0,0.0,0.0,0.0,0.0,0.0,0.0,0.0,292.0,0.0,0.0,0.0,0.0,0.0,0.0,0.0,0.0,0.0,32.0,0.0,0.0,0.0,0.0,0.0,0.0,0.0,0.0,0.0,346.0,0.0,0.0,0.0,0.0,0.0,0.0,0.0,0.0,0.0,92.0,59.0,77.0,67.0,89.0,97.0,279.0,602.0,163.0,10.0
r_76_100_1.jpg,2.4304991876861566,6.977349465017655,10.326332537871165,10.076925698310284,-20.48000032378482,-14.288724240490769,20.387844396458117,1775.0,90.0,56.0,86.0,112.0,187.0,752.0,1849.0,2074.0,272.0,304.0,0.0,0.0,0.0,5.0,82.0,69.0,51.0,10.0,3.0,59.0,0.0,0.0,0.0,0.0,0.0,0.0,0.0,0.0,0.0,51.0,0.0,0.0,0.0,0.0,0.0,0.0,0.0,0.0,0.0,280.0,0.0,0.0,0.0,0.0,0.0,0.0,0.0,0.0,0.0,37.0,0.0,0.0,0.0,0.0,0.0,0.0,0.0,0.0,0.0,329.0,0.0,0.0,0.0,0.0,0.0,0.0,0.0,0.0,0.0,91.0,64.0,69.0,85.0,81.0,95.0,289.0,561.0,126.0,6.0
r_77_100_1.jpg,2.433660108204155,6.970611103284844,10.269641978455429,9.91838052847035,-21.19670462988802,14.048764593252377,20.01332301743086,1743.0,82.0,60.0,83.0,111.0,213.0,749.0,1774.0,2075.0,265.0,296.0,0.0,0.0,0.0,12.0,71.0,70.0,42.0,7.0,5.0,66.0,0.0,0.0,0.0,0.0,0.0,0.0,0.0,0.0,0.0,46.0,0.0,0.0,0.0,0.0,0.0,0.0,0.0,0.0,0.0,282.0,0.0,0.0,0.0,0.0,0.0,0.0,0.0,0.0,0.0,28.0,0.0,0.0,0.0,0.0,0.0,0.0,0.0,0.0,0.0,362.0,0.0,0.0,0.0,0.0,0.0,0.0,0.0,0.0,0.0,100.0,55.0,78.0,79.0,78.0,101.0,307.0,587.0,168.0,5.0
r_78_100_1.jpg,2.4418141105671927,7.0515348196416285,10.280883276209902,9.951314985246388,-21.181823978736706,14.052321891585287,20.068700053568907,1793.0,75.0,76.0,74.0,107.0,189.0,719.0,1862.0,2089.0,257.0,289.0,0.0,0.0,1.0,9.0,72.0,69.0,39.0,9.0,13.0,94.0,0.0,0.0,0.0,0.0,0.0,0.0,0.0,0.0,0.0,49.0,0.0,0.0,0.0,0.0,0.0,0.0,0.0,0.0,0.0,308.0,0.0,0.0,0.0,0.0,0.0,0.0,0.0,0.0,0.0,29.0,0.0,0.0,0.0,0.0,0.0,0.0,0.0,0.0,0.0,321.0,0.0,0.0,0.0,0.0,0.0,0.0,0.0,0.0,0.0,93.0,60.0,71.0,77.0,81.0,95.0,322.0,525.0,126.0,7.0
r_79_100_1.jpg,2.440388241260061,7.053400290363216,10.324659808817652,10.005728318572121,20.56686699239346,13.769218717851702,20.209164902891246,1778.0,72.0,56.0,86.0,85.0,206.0,703.0,1837.0,2104.0,250.0,340.0,0.0,0.0,0.0,7.0,80.0,82.0,28.0,1.0,1.0,66.0,0.0,0.0,0.0,0.0,0.0,0.0,0.0,0.0,0.0,57.0,0.0,0.0,0.0,0.0,0.0,0.0,0.0,0.0,0.0,326.0,0.0,0.0,0.0,0.0,0.0,0.0,0.0,0.0,0.0,35.0,0.0,0.0,0.0,0.0,0.0,0.0,0.0,0.0,0.0,292.0,0.0,0.0,0.0,0.0,0.0,0.0,0.0,0.0,0.0,92.0,65.0,68.0,73.0,97.0,97.0,333.0,546.0,132.0,5.0
r_80_100_1.jpg,2.4433291204022107,7.083656384048759,10.259058302905077,9.923642262435367,20.958494819151543,13.913634089468555,20.0178277331627,1739.0,75.0,59.0,79.0,96.0,185.0,721.0,1798.0,2168.0,268.0,351.0,0.0,0.0,0.0,6.0,80.0,76.0,37.0,1.0,9.0,75.0,0.0,0.0,0.0,0.0,0.0,0.0,0.0,0.0,0.0,51.0,0.0,0.0,0.0,0.0,0.0,0.0,0.0,0.0,0.0,313.0,0.0,0.0,0.0,0.0,0.0,0.0,0.0,0.0,0.0,16.0,0.0,0.0,0.0,0.0,0.0,0.0,0.0,0.0,0.0,345.0,0.0,0.0,0.0,0.0,0.0,0.0,0.0,0.0,0.0,109.0,68.0,67.0,73.0,103.0,101.0,334.0,451.0,142.0,4.0
r_81_100_1.jpg,2.4371585270559772,7.044565478092419,10.241826265020695,9.892998261921043,20.386337353414376,13.695194366688545,19.993326025465752,1742.0,70.0,64.0,79.0,98.0,204.0,672.0,1821.0,2168.0,252.0,338.0,0.0,0.0,3.0,10.0,56.0,78.0,40.0,12.0,11.0,40.0,0.0,0.0,0.0,0.0,0.0,0.0,0.0,0.0,0.0,39.0,0.0,0.0,0.0,0.0,0.0,0.0,0.0,0.0,0.0,330.0,0.0,0.0,0.0,0.0,0.0,0.0,0.0,0.0,0.0,23.0,0.0,0.0,0.0,0.0,0.0,0.0,0.0,0.0,0.0,340.0,0.0,0.0,0.0,0.0,0.0,0.0,0.0,0.0,0.0,97.0,72.0,69.0,83.0,97.0,109.0,327.0,481.0,172.0,3.0
r_82_100_1.jpg,2.4379156241356834,7.061288980933183,10.251254733777305,9.913640570343896,20.287515556778494,13.65955493286516,20.061855220212724,1774.0,78.0,64.0,78.0,107.0,209.0,649.0,1821.0,2183.0,308.0,355.0,0.0,0.0,0.0,3.0,56.0,101.0,31.0,11.0,13.0,49.0,0.0,0.0,0.0,0.0,0.0,0.0,0.0,0.0,0.0,50.0,0.0,0.0,0.0,0.0,0.0,0.0,0.0,0.0,0.0,322.0,0.0,0.0,0.0,0.0,0.0,0.0,0.0,0.0,0.0,32.0,0.0,0.0,0.0,0.0,0.0,0.0,0.0,0.0,0.0,276.0,0.0,0.0,0.0,0.0,0.0,0.0,0.0,0.0,0.0,91.0,64.0,61.0,85.0,88.0,124.0,329.0,462.0,121.0,5.0
r_83_100_1.jpg,2.4376145289578024,7.06077993459166,10.247677229709899,9.898939963126843,20.404333996604326,13.736788391134686,20.00417248825353,1802.0,83.0,64.0,67.0,108.0,202.0,685.0,1801.0,2263.0,244.0,354.0,0.0,0.0,0.0,0.0,52.0,60.0,36.0,5.0,8.0,46.0,0.0,0.0,0.0,0.0,0.0,0.0,0.0,0.0,0.0,37.0,0.0,0.0,0.0,0.0,0.0,0.0,0.0,0.0,0.0,287.0,0.0,0.0,0.0,0.0,0.0,0.0,0.0,0.0,0.0,29.0,0.0,0.0,0.0,0.0,0.0,0.0,0.0,0.0,0.0,288.0,0.0,0.0,0.0,0.0,0.0,0.0,0.0,0.0,0.0,105.0,65.0,59.0,89.0,87.0,125.0,356.0,450.0,140.0,3.0
r_84_100_1.jpg,2.4322473693127806,7.077205812748367,10.266982758122563,10.062704485300701,20.434627097733827,13.79682122530925,20.333229980940203,1753.0,86.0,68.0,86.0,127.0,202.0,679.0,1849.0,2191.0,264.0,291.0,0.0,0.0,0.0,0.0,66.0,78.0,35.0,10.0,6.0,56.0,0.0,0.0,0.0,0.0,0.0,0.0,0.0,0.0,0.0,52.0,0.0,0.0,0.0,0.0,0.0,0.0,0.0,0.0,0.0,321.0,0.0,0.0,0.0,0.0,0.0,0.0,0.0,0.0,0.0,35.0,0.0,0.0,0.0,0.0,0.0,0.0,0.0,0.0,0.0,298.0,0.0,0.0,0.0,0.0,0.0,0.0,0.0,0.0,0.0,115.0,58.0,56.0,85.0,77.0,131.0,306.0,435.0,179.0,5.0
r_85_100_1.jpg,2.426613724362017,7.10244554336258,10.241503985730013,9.856969970238412,20.055867741139743,13.573682962444117,20.057579524480715,1748.0,79.0,64.0,84.0,122.0,230.0,678.0,1858.0,2212.0,215.0,298.0,0.0,0.0,0.0,1.0,59.0,78.0,27.0,4.0,4.0,63.0,0.0,0.0,0.0,0.0,0.0,0.0,0.0,0.0,0.0,49.0,0.0,0.0,0.0,0.0,0.0,0.0,0.0,0.0,0.0,297.0,0.0,0.0,0.0,0.0,0.0,0.0,0.0,0.0,0.0,28.0,0.0,0.0,0.0,0.0,0.0,0.0,0.0,0.0,0.0,321.0,3.0,0.0,0.0,0.0,0.0,0.0,0.0,0.0,0.0,96.0,59.0,67.0,89.0,75.0,142.0,310.0,441.0,192.0,7.0
r_86_100_1.jpg,2.42326323902816,7.098099081377876,10.256135880459945,9.905678364306535,20.139686646037262,13.636772725105546,20.134544761294283,1739.0,75.0,68.0,81.0,109.0,211.0,683.0,1798.0,2270.0,250.0,328.0,0.0,0.0,0.0,5.0,57.0,79.0,32.0,10.0,9.0,64.0,0.0,0.0,0.0,0.0,0.0,0.0,0.0,0.0,0.0,37.0,0.0,0.0,0.0,0.0,0.0,0.0,0.0,0.0,0.0,260.0,0.0,0.0,0.0,0.0,0.0,0.0,0.0,0.0,0.0,29.0,0.0,0.0,0.0,0.0,0.0,0.0,0.0,0.0,0.0,330.0,0.0,0.0,0.0,0.0,0.0,0.0,0.0,0.0,0.0,106.0,50.0,71.0,87.0,91.0,148.0,298.0,434.0,186.0,5.0
r_87_100_1.jpg,2.423742847797287,7.123515973570167,10.257680855367886,9.889553930978423,19.982012999351703,13.511315522520066,20.503341447531273,1750.0,85.0,61.0,75.0,102.0,223.0,674.0,1786.0,2197.0,236.0,284.0,0.0,0.0,0.0,9.0,56.0,64.0,36.0,6.0,2.0,46.0,0.0,0.0,0.0,0.0,0.0,0.0,0.0,0.0,0.0,49.0,0.0,0.0,0.0,0.0,0.0,0.0,0.0,0.0,0.0,258.0,0.0,0.0,0.0,0.0,0.0,0.0,0.0,0.0,0.0,40.0,0.0,0.0,0.0,0.0,0.0,0.0,0.0,0.0,0.0,343.0,0.0,0.0,0.0,0.0,0.0,0.0,0.0,0.0,0.0,114.0,60.0,71.0,87.0,102.0,130.0,360.0,446.0,243.0,5.0
