,Filename,Hu_Moment_1,Hu_Moment_2,Hu_Moment_3,Hu_Moment_4,Hu_Moment_5,Hu_Moment_6,Hu_Moment_7,0,1,2,3,4,5,6,7,8,9,10,11,12,13,14,15,16,17,18,19,20,21,22,23,24,25,26,27,28,29,30,31,32,33,34,35,36,37,38,39,40,41,42,43,44,45,46,47,48,49,50,51,52,53,54,55,56,57,58,59,60,61,62,63,64,65,66,67,68,69,70,71,72,73,74,75,76,77,78,79
0,194_100_0.jpg,2.635007301974031,6.938484635739419,10.236088739373985,9.956702555926878,20.09684867010606,13.446477033852442,-20.422492092456533,2749.0,0.0,0.0,0.0,0.0,0.0,0.0,0.0,0.0,0.0,381.0,3.0,0.0,0.0,0.0,0.0,0.0,0.0,0.0,0.0,75.0,33.0,0.0,0.0,0.0,0.0,0.0,0.0,0.0,0.0,37.0,194.0,36.0,0.0,0.0,0.0,0.0,0.0,0.0,0.0,666.0,338.0,371.0,1393.0,2405.0,601.0,34.0,6.0,2.0,3.0,55.0,35.0,165.0,81.0,68.0,2.0,0.0,0.0,0.0,0.0,246.0,0.0,0.0,0.0,0.0,0.0,0.0,0.0,0.0,0.0,21.0,0.0,0.0,0.0,0.0,0.0,0.0,0.0,0.0,0.0
1,195_100_0.jpg,2.6333806622355342,6.935839872405616,10.220920924949128,9.965094034025578,20.104431391609378,13.458588907820156,-20.41630132098924,2742.0,0.0,0.0,0.0,0.0,0.0,0.0,0.0,0.0,0.0,388.0,4.0,0.0,0.0,0.0,0.0,0.0,0.0,0.0,0.0,66.0,59.0,19.0,1.0,0.0,0.0,0.0,0.0,0.0,0.0,36.0,197.0,15.0,0.0,0.0,0.0,0.0,0.0,0.0,0.0,627.0,305.0,371.0,1316.0,2430.0,597.0,25.0,4.0,5.0,3.0,81.0,40.0,150.0,137.0,87.0,1.0,0.0,0.0,0.0,0.0,271.0,0.0,0.0,0.0,0.0,0.0,0.0,0.0,0.0,0.0,23.0,0.0,0.0,0.0,0.0,0.0,0.0,0.0,0.0,0.0
2,197_100_0.jpg,2.6362811802666,6.955489691343869,10.282263357068832,10.009623890734211,20.206303129052102,13.516904566217796,-20.496162317921467,2818.0,0.0,0.0,0.0,0.0,0.0,0.0,0.0,0.0,0.0,345.0,3.0,0.0,0.0,0.0,0.0,0.0,0.0,0.0,0.0,66.0,17.0,2.0,1.0,0.0,0.0,0.0,0.0,0.0,0.0,51.0,163.0,36.0,0.0,0.0,0.0,0.0,0.0,0.0,0.0,679.0,323.0,365.0,1282.0,2407.0,585.0,28.0,5.0,5.0,3.0,91.0,60.0,166.0,134.0,104.0,4.0,0.0,0.0,0.0,0.0,235.0,0.0,0.0,0.0,0.0,0.0,0.0,0.0,0.0,0.0,22.0,0.0,0.0,0.0,0.0,0.0,0.0,0.0,0.0,0.0
3,200_100_0.jpg,2.6398491171763725,6.969494678444153,10.167309230329012,9.911427551183317,19.984682008686228,13.42142034777121,-20.370885265260956,2814.0,0.0,0.0,0.0,0.0,0.0,0.0,0.0,0.0,0.0,417.0,12.0,0.0,7.0,0.0,0.0,0.0,0.0,0.0,0.0,50.0,55.0,10.0,0.0,0.0,0.0,0.0,0.0,0.0,0.0,28.0,82.0,17.0,0.0,0.0,0.0,0.0,0.0,0.0,0.0,673.0,332.0,397.0,1310.0,2288.0,740.0,40.0,4.0,5.0,2.0,61.0,40.0,143.0,102.0,104.0,1.0,0.0,0.0,0.0,0.0,237.0,0.0,0.0,0.0,0.0,0.0,0.0,0.0,0.0,0.0,29.0,0.0,0.0,0.0,0.0,0.0,0.0,0.0,0.0,0.0
4,201_100_0.jpg,2.634296118353615,6.947231076904704,10.161552672272121,9.930018230834193,20.007970667785973,13.425811546999983,-20.40636064496823,2689.0,0.0,0.0,0.0,0.0,0.0,0.0,0.0,0.0,0.0,457.0,2.0,0.0,0.0,0.0,0.0,0.0,0.0,0.0,0.0,73.0,31.0,0.0,0.0,0.0,0.0,0.0,0.0,0.0,0.0,28.0,93.0,4.0,0.0,0.0,0.0,0.0,0.0,0.0,0.0,694.0,304.0,433.0,1427.0,2126.0,695.0,50.0,4.0,3.0,3.0,52.0,47.0,212.0,145.0,159.0,4.0,0.0,0.0,0.0,0.0,233.0,3.0,0.0,0.0,0.0,0.0,0.0,0.0,0.0,0.0,29.0,0.0,0.0,0.0,0.0,0.0,0.0,0.0,0.0,0.0
5,202_100_0.jpg,2.633634052926792,6.938280987368993,10.150843071120615,9.9271206810084,19.979741488524816,13.403882102467144,-20.573873314467,2737.0,0.0,0.0,0.0,0.0,0.0,0.0,0.0,0.0,0.0,430.0,0.0,0.0,0.0,0.0,0.0,0.0,0.0,0.0,0.0,72.0,29.0,1.0,0.0,0.0,0.0,0.0,0.0,0.0,0.0,30.0,77.0,23.0,0.0,0.0,0.0,0.0,0.0,0.0,0.0,671.0,384.0,416.0,1500.0,2041.0,683.0,39.0,11.0,2.0,0.0,75.0,36.0,176.0,132.0,194.0,8.0,0.0,0.0,0.0,0.0,219.0,2.0,0.0,0.0,0.0,0.0,0.0,0.0,0.0,0.0,12.0,0.0,0.0,0.0,0.0,0.0,0.0,0.0,0.0,0.0
6,207_100_0.jpg,2.6365491811353183,6.9693932569833645,10.177846920871968,9.932761050266526,19.99598179155204,13.42381212174945,-20.711114923271793,2781.0,0.0,0.0,0.0,0.0,0.0,0.0,0.0,0.0,0.0,412.0,0.0,0.0,0.0,0.0,0.0,0.0,0.0,0.0,0.0,66.0,6.0,0.0,0.0,0.0,0.0,0.0,0.0,0.0,0.0,28.0,133.0,7.0,0.0,0.0,0.0,0.0,0.0,0.0,0.0,672.0,315.0,450.0,1450.0,1910.0,794.0,51.0,10.0,3.0,0.0,62.0,58.0,238.0,193.0,94.0,1.0,0.0,0.0,0.0,0.0,248.0,0.0,0.0,0.0,0.0,0.0,0.0,0.0,0.0,0.0,18.0,0.0,0.0,0.0,0.0,0.0,0.0,0.0,0.0,0.0
7,208_100_0.jpg,2.6354219011348117,6.96472249726746,10.163914432570161,9.92787757799171,19.97419206653677,13.410730835209423,-21.33152090187812,2734.0,0.0,0.0,0.0,0.0,0.0,0.0,0.0,0.0,0.0,516.0,0.0,0.0,0.0,0.0,0.0,0.0,0.0,0.0,0.0,38.0,20.0,0.0,0.0,0.0,0.0,0.0,0.0,0.0,0.0,41.0,83.0,5.0,0.0,0.0,0.0,0.0,0.0,0.0,0.0,633.0,329.0,504.0,1562.0,1753.0,858.0,46.0,7.0,2.0,0.0,83.0,64.0,228.0,155.0,102.0,6.0,0.0,0.0,0.0,0.0,211.0,0.0,0.0,0.0,0.0,0.0,0.0,0.0,0.0,0.0,20.0,0.0,0.0,0.0,0.0,0.0,0.0,0.0,0.0,0.0
8,210_100_0.jpg,2.636892821669298,6.992552957685967,10.196505852483837,9.943684956090186,20.020840079342747,13.450342975505682,-20.761284107964673,2634.0,0.0,0.0,0.0,0.0,0.0,0.0,0.0,0.0,0.0,494.0,9.0,0.0,2.0,0.0,0.0,0.0,0.0,0.0,0.0,73.0,5.0,1.0,1.0,0.0,0.0,0.0,0.0,0.0,0.0,37.0,74.0,10.0,0.0,0.0,0.0,0.0,0.0,0.0,0.0,648.0,342.0,506.0,1510.0,2002.0,751.0,39.0,5.0,4.0,0.0,77.0,31.0,206.0,126.0,91.0,4.0,0.0,1.0,0.0,0.0,291.0,0.0,0.0,0.0,0.0,0.0,0.0,0.0,0.0,0.0,26.0,0.0,0.0,0.0,0.0,0.0,0.0,0.0,0.0,0.0
9,212_100_0.jpg,2.6171313177829685,6.911593512918918,10.036617656426454,9.753295913732844,19.648483242434228,13.209103712857623,21.135368562518842,2732.0,0.0,0.0,0.0,0.0,0.0,0.0,0.0,0.0,0.0,310.0,2.0,0.0,0.0,0.0,0.0,0.0,0.0,0.0,0.0,67.0,1.0,0.0,0.0,0.0,0.0,0.0,0.0,0.0,0.0,31.0,66.0,1.0,1.0,0.0,0.0,0.0,0.0,0.0,0.0,688.0,328.0,579.0,1535.0,2013.0,764.0,51.0,4.0,1.0,1.0,48.0,39.0,194.0,131.0,137.0,11.0,0.0,0.0,0.0,0.0,252.0,0.0,0.0,0.0,0.0,0.0,0.0,0.0,0.0,0.0,12.0,1.0,0.0,0.0,0.0,0.0,0.0,0.0,0.0,0.0
10,213_100_0.jpg,2.6167393874082685,6.9163008550214595,10.047929721547874,9.765327114232324,19.671984460378763,13.223794663919607,21.609686025311593,2652.0,0.0,0.0,0.0,0.0,0.0,0.0,0.0,0.0,0.0,365.0,0.0,0.0,0.0,0.0,0.0,0.0,0.0,0.0,0.0,37.0,10.0,0.0,0.0,0.0,0.0,0.0,0.0,0.0,0.0,40.0,39.0,4.0,0.0,0.0,0.0,0.0,0.0,0.0,0.0,673.0,253.0,611.0,1524.0,2115.0,590.0,30.0,4.0,3.0,1.0,79.0,66.0,298.0,136.0,178.0,7.0,0.0,0.0,0.0,0.0,264.0,0.0,0.0,0.0,0.0,0.0,0.0,0.0,0.0,0.0,21.0,0.0,0.0,0.0,0.0,0.0,0.0,0.0,0.0,0.0
11,215_100_0.jpg,2.621736672898267,6.89722199241747,10.190179050081984,9.975021621793758,20.05762505164687,13.424846505766826,-22.480746456437927,2564.0,0.0,0.0,0.0,0.0,0.0,0.0,0.0,0.0,0.0,447.0,0.0,0.0,0.0,0.0,0.0,0.0,0.0,0.0,0.0,45.0,0.0,3.0,1.0,0.0,0.0,0.0,0.0,0.0,0.0,33.0,17.0,7.0,2.0,0.0,0.0,0.0,0.0,0.0,0.0,683.0,340.0,620.0,1605.0,2102.0,698.0,24.0,5.0,2.0,2.0,45.0,58.0,174.0,146.0,73.0,4.0,1.0,1.0,0.0,0.0,268.0,0.0,0.0,0.0,0.0,0.0,0.0,0.0,0.0,0.0,30.0,0.0,0.0,0.0,0.0,0.0,0.0,0.0,0.0,0.0
12,216_100_0.jpg,2.618837588112087,6.889589197355899,10.204940497112512,10.003396357046745,20.109875817085904,13.453233652486574,-21.095193363931244,2660.0,0.0,0.0,0.0,0.0,0.0,0.0,0.0,0.0,0.0,408.0,0.0,1.0,1.0,0.0,0.0,0.0,0.0,0.0,0.0,54.0,2.0,4.0,0.0,0.0,0.0,0.0,0.0,0.0,0.0,33.0,26.0,7.0,1.0,0.0,0.0,0.0,0.0,0.0,0.0,629.0,330.0,577.0,1579.0,2030.0,758.0,30.0,2.0,4.0,0.0,73.0,45.0,200.0,182.0,99.0,9.0,4.0,0.0,0.0,0.0,232.0,0.0,0.0,0.0,0.0,0.0,0.0,0.0,0.0,0.0,20.0,0.0,0.0,0.0,0.0,0.0,0.0,0.0,0.0,0.0
13,217_100_0.jpg,2.62746858780686,6.942801580651531,10.20901702863594,9.97227833570295,20.074389983948503,13.46652016307819,-20.707342495568053,2673.0,0.0,0.0,0.0,0.0,0.0,0.0,0.0,0.0,0.0,359.0,0.0,1.0,1.0,0.0,0.0,0.0,0.0,0.0,0.0,73.0,2.0,0.0,0.0,0.0,0.0,0.0,0.0,0.0,0.0,22.0,3.0,1.0,3.0,1.0,0.0,0.0,0.0,0.0,0.0,679.0,324.0,569.0,1560.0,2080.0,718.0,25.0,6.0,2.0,1.0,92.0,48.0,205.0,137.0,136.0,15.0,0.0,0.0,0.0,0.0,247.0,0.0,0.0,0.0,0.0,0.0,0.0,0.0,0.0,0.0,17.0,0.0,0.0,0.0,0.0,0.0,0.0,0.0,0.0,0.0
14,220_100_0.jpg,2.6106168126853917,6.888561965080641,10.171715680311037,9.847273217361508,19.859946594923148,13.298679231705089,-20.77559195393825,2676.0,0.0,0.0,0.0,0.0,0.0,0.0,0.0,0.0,0.0,354.0,0.0,0.0,0.0,0.0,0.0,0.0,0.0,0.0,0.0,46.0,1.0,0.0,3.0,0.0,0.0,0.0,0.0,0.0,0.0,53.0,8.0,8.0,0.0,0.0,0.0,0.0,0.0,0.0,0.0,719.0,248.0,649.0,1527.0,2203.0,724.0,13.0,3.0,2.0,0.0,61.0,30.0,241.0,169.0,75.0,7.0,1.0,0.0,0.0,0.0,171.0,0.0,0.0,0.0,0.0,0.0,0.0,0.0,0.0,0.0,8.0,0.0,0.0,0.0,0.0,0.0,0.0,0.0,0.0,0.0
15,221_100_0.jpg,2.610623312053388,6.888457595458971,10.178785870188916,9.846541933999639,19.86355669136569,13.299975102902657,-20.710467470731384,2620.0,0.0,0.0,0.0,0.0,0.0,0.0,0.0,0.0,0.0,401.0,0.0,0.0,0.0,0.0,0.0,0.0,0.0,0.0,0.0,76.0,4.0,0.0,0.0,0.0,0.0,0.0,0.0,0.0,0.0,25.0,7.0,2.0,0.0,0.0,0.0,0.0,0.0,0.0,0.0,668.0,251.0,607.0,1572.0,2141.0,702.0,19.0,3.0,1.0,1.0,58.0,50.0,238.0,146.0,142.0,14.0,0.0,0.0,0.0,0.0,235.0,0.0,0.0,0.0,0.0,0.0,0.0,0.0,0.0,0.0,17.0,0.0,0.0,0.0,0.0,0.0,0.0,0.0,0.0,0.0
16,225_100_0.jpg,2.6159716723325492,6.92200341800817,10.20302784522754,9.841355550602653,19.86743525673932,13.310021250007242,-20.739001922541718,2717.0,0.0,0.0,0.0,0.0,0.0,0.0,0.0,0.0,0.0,371.0,0.0,0.0,0.0,0.0,0.0,0.0,0.0,0.0,0.0,68.0,0.0,0.0,0.0,0.0,0.0,0.0,0.0,0.0,0.0,39.0,0.0,1.0,2.0,1.0,0.0,0.0,0.0,0.0,0.0,677.0,255.0,529.0,1609.0,2204.0,604.0,18.0,2.0,1.0,0.0,65.0,13.0,239.0,189.0,167.0,16.0,0.0,0.0,0.0,0.0,199.0,0.0,0.0,0.0,0.0,0.0,0.0,0.0,0.0,0.0,14.0,0.0,0.0,0.0,0.0,0.0,0.0,0.0,0.0,0.0
17,234_100_0.jpg,2.617533096462622,6.916939402816371,10.248448706504062,9.825989256327354,19.864891669158602,13.28660737179519,-20.919328853712106,2698.0,0.0,0.0,0.0,0.0,0.0,0.0,0.0,0.0,0.0,373.0,0.0,0.0,0.0,0.0,0.0,0.0,0.0,0.0,0.0,42.0,0.0,0.0,0.0,0.0,0.0,0.0,0.0,0.0,0.0,38.0,5.0,17.0,3.0,0.0,0.0,0.0,0.0,0.0,0.0,689.0,289.0,525.0,1585.0,2284.0,541.0,16.0,2.0,0.0,0.0,63.0,47.0,145.0,161.0,219.0,17.0,0.0,0.0,0.0,0.0,219.0,0.0,0.0,0.0,0.0,0.0,0.0,0.0,0.0,0.0,22.0,0.0,0.0,0.0,0.0,0.0,0.0,0.0,0.0,0.0
18,235_100_0.jpg,2.6165847670424007,6.913050470664425,10.255313597985129,9.839208573463319,19.893706431199483,13.301987322885527,-20.62868270868262,2658.0,0.0,0.0,0.0,0.0,0.0,0.0,0.0,0.0,0.0,381.0,0.0,0.0,0.0,0.0,0.0,0.0,0.0,0.0,0.0,63.0,0.0,0.0,0.0,0.0,0.0,0.0,0.0,0.0,0.0,54.0,5.0,2.0,0.0,0.0,0.0,0.0,0.0,0.0,0.0,695.0,262.0,575.0,1646.0,2290.0,469.0,8.0,3.0,0.0,0.0,76.0,31.0,144.0,191.0,218.0,13.0,0.0,0.0,0.0,0.0,198.0,0.0,0.0,0.0,0.0,0.0,0.0,0.0,0.0,0.0,18.0,0.0,0.0,0.0,0.0,0.0,0.0,0.0,0.0,0.0
19,236_100_0.jpg,2.613916266701383,6.9062016262502155,10.2615606995626,9.865475905444749,19.94055844121074,13.330687126126122,-20.5715694007025,2592.0,0.0,0.0,0.0,0.0,0.0,0.0,0.0,0.0,0.0,421.0,0.0,0.0,0.0,0.0,0.0,0.0,0.0,0.0,0.0,57.0,0.0,0.0,0.0,0.0,0.0,0.0,0.0,0.0,0.0,46.0,8.0,5.0,0.0,0.0,0.0,0.0,0.0,0.0,0.0,706.0,259.0,483.0,1629.0,2343.0,469.0,18.0,0.0,0.0,0.0,58.0,32.0,164.0,215.0,226.0,16.0,0.0,0.0,0.0,0.0,226.0,0.0,0.0,0.0,0.0,0.0,0.0,0.0,0.0,0.0,27.0,0.0,0.0,0.0,0.0,0.0,0.0,0.0,0.0,0.0
20,237_100_0.jpg,2.6242874745836673,6.917551896349197,10.370599058050045,10.06080849038002,20.28004647370256,13.52418794556703,-21.172508009391382,2781.0,0.0,0.0,0.0,0.0,0.0,0.0,0.0,0.0,0.0,385.0,0.0,0.0,0.0,0.0,0.0,0.0,0.0,0.0,0.0,38.0,0.0,0.0,0.0,0.0,0.0,0.0,0.0,0.0,0.0,37.0,31.0,0.0,0.0,0.0,0.0,0.0,0.0,0.0,0.0,636.0,224.0,442.0,1649.0,2189.0,419.0,12.0,1.0,2.0,1.0,80.0,40.0,287.0,241.0,273.0,8.0,0.0,0.0,0.0,0.0,201.0,0.0,0.0,0.0,0.0,0.0,0.0,0.0,0.0,0.0,23.0,0.0,0.0,0.0,0.0,0.0,0.0,0.0,0.0,0.0
21,238_100_0.jpg,2.6147147220484674,6.903899344798894,10.252175645691654,9.850066547028229,19.90398977214746,13.306045607881694,-20.847220315210166,2639.0,0.0,0.0,0.0,0.0,0.0,0.0,0.0,0.0,0.0,376.0,0.0,0.0,0.0,0.0,0.0,0.0,0.0,0.0,0.0,67.0,0.0,2.0,0.0,0.0,0.0,0.0,0.0,0.0,0.0,30.0,19.0,2.0,0.0,0.0,0.0,0.0,0.0,0.0,0.0,724.0,228.0,518.0,1604.0,2268.0,390.0,10.0,1.0,1.0,0.0,66.0,37.0,267.0,207.0,296.0,13.0,0.0,0.0,0.0,0.0,209.0,0.0,0.0,0.0,0.0,0.0,0.0,0.0,0.0,0.0,26.0,0.0,0.0,0.0,0.0,0.0,0.0,0.0,0.0,0.0
22,239_100_0.jpg,2.6235458862997265,6.91002762151594,10.382639942125367,10.062788748332034,20.28578468962142,13.518438301509383,-21.72920774666297,2842.0,0.0,0.0,0.0,0.0,0.0,0.0,0.0,0.0,0.0,418.0,0.0,0.0,0.0,0.0,0.0,0.0,0.0,0.0,0.0,51.0,0.0,0.0,0.0,0.0,0.0,0.0,0.0,0.0,0.0,21.0,24.0,0.0,0.0,0.0,0.0,0.0,0.0,0.0,0.0,558.0,230.0,480.0,1741.0,2212.0,360.0,4.0,2.0,3.0,0.0,60.0,28.0,251.0,252.0,245.0,10.0,0.0,0.0,0.0,0.0,191.0,0.0,0.0,0.0,0.0,0.0,0.0,0.0,0.0,0.0,17.0,0.0,0.0,0.0,0.0,0.0,0.0,0.0,0.0,0.0
23,240_100_0.jpg,2.6284280266210662,6.9408440811541015,10.463102821759398,10.084666821117278,20.359220350415626,13.5550900195833,-21.614644854529796,2640.0,0.0,0.0,0.0,0.0,0.0,0.0,0.0,0.0,0.0,462.0,1.0,0.0,0.0,0.0,0.0,0.0,0.0,0.0,0.0,73.0,0.0,0.0,0.0,0.0,0.0,0.0,0.0,0.0,0.0,33.0,35.0,3.0,0.0,0.0,0.0,0.0,0.0,0.0,0.0,670.0,229.0,476.0,1784.0,2149.0,379.0,5.0,6.0,1.0,0.0,83.0,39.0,264.0,161.0,259.0,16.0,0.0,0.0,0.0,0.0,213.0,0.0,0.0,0.0,0.0,0.0,0.0,0.0,0.0,0.0,19.0,0.0,0.0,0.0,0.0,0.0,0.0,0.0,0.0,0.0
24,242_100_0.jpg,2.6303450881937174,6.911508982134691,10.355954969434517,9.991073200282228,20.16891266067438,13.452283643130208,-21.01711163116282,2912.0,0.0,0.0,0.0,0.0,0.0,0.0,0.0,0.0,0.0,336.0,0.0,2.0,1.0,0.0,0.0,0.0,0.0,0.0,0.0,44.0,14.0,0.0,0.0,0.0,0.0,0.0,0.0,0.0,0.0,22.0,22.0,3.0,0.0,0.0,0.0,0.0,0.0,0.0,0.0,660.0,273.0,450.0,1868.0,2203.0,347.0,5.0,2.0,1.0,0.0,59.0,47.0,161.0,138.0,260.0,16.0,0.0,0.0,0.0,0.0,137.0,0.0,0.0,0.0,0.0,0.0,0.0,0.0,0.0,0.0,17.0,0.0,0.0,0.0,0.0,0.0,0.0,0.0,0.0,0.0
25,243_100_0.jpg,2.638579247495536,6.981936768639137,10.413761226760782,10.024937749839218,20.255425184178755,13.532500672940944,-20.8948070110312,2909.0,0.0,0.0,0.0,0.0,0.0,0.0,0.0,0.0,0.0,327.0,4.0,2.0,0.0,0.0,0.0,0.0,0.0,0.0,0.0,49.0,7.0,0.0,0.0,0.0,0.0,0.0,0.0,0.0,0.0,30.0,36.0,1.0,0.0,0.0,0.0,0.0,0.0,0.0,0.0,621.0,299.0,430.0,1621.0,2200.0,320.0,5.0,3.0,0.0,0.0,64.0,40.0,224.0,243.0,290.0,18.0,0.0,0.0,0.0,0.0,240.0,0.0,0.0,0.0,0.0,0.0,0.0,0.0,0.0,0.0,17.0,0.0,0.0,0.0,0.0,0.0,0.0,0.0,0.0,0.0
26,244_100_0.jpg,2.6368108167939655,6.951543475100624,10.385695234874735,10.016419798130054,20.231252660230275,13.506448970088364,-20.823154483245926,2998.0,0.0,0.0,0.0,0.0,0.0,0.0,0.0,0.0,0.0,343.0,5.0,0.0,0.0,0.0,0.0,0.0,0.0,0.0,0.0,35.0,1.0,0.0,0.0,0.0,0.0,0.0,0.0,0.0,0.0,20.0,23.0,4.0,0.0,0.0,0.0,0.0,0.0,0.0,0.0,610.0,281.0,408.0,1761.0,2079.0,318.0,8.0,3.0,2.0,0.0,88.0,32.0,281.0,214.0,307.0,13.0,0.0,0.0,0.0,0.0,151.0,0.0,0.0,0.0,0.0,0.0,0.0,0.0,0.0,0.0,15.0,0.0,0.0,0.0,0.0,0.0,0.0,0.0,0.0,0.0
27,247_100_0.jpg,2.6372097910687393,6.951583941362527,10.43291709191924,10.050505711182987,20.31497034107519,13.54779314333973,-20.793350042036163,3041.0,0.0,0.0,0.0,0.0,0.0,0.0,0.0,0.0,0.0,280.0,2.0,3.0,0.0,0.0,0.0,0.0,0.0,0.0,0.0,31.0,0.0,0.0,0.0,0.0,0.0,0.0,0.0,0.0,0.0,24.0,13.0,1.0,0.0,0.0,0.0,0.0,0.0,0.0,0.0,652.0,366.0,379.0,1797.0,2062.0,361.0,5.0,3.0,0.0,0.0,44.0,21.0,241.0,279.0,193.0,13.0,0.0,0.0,0.0,0.0,170.0,0.0,0.0,0.0,0.0,0.0,0.0,0.0,0.0,0.0,19.0,0.0,0.0,0.0,0.0,0.0,0.0,0.0,0.0,0.0
28,249_100_0.jpg,2.6332685577240706,6.912887246583897,10.324359647707027,9.989339049902313,20.167472608377917,13.46560702030532,-20.66109197810211,2878.0,2.0,0.0,0.0,0.0,0.0,0.0,0.0,0.0,0.0,321.0,2.0,2.0,0.0,0.0,0.0,0.0,0.0,0.0,0.0,59.0,0.0,0.0,0.0,0.0,0.0,0.0,0.0,0.0,0.0,27.0,18.0,7.0,0.0,0.0,0.0,0.0,0.0,0.0,0.0,652.0,349.0,488.0,1933.0,1798.0,207.0,4.0,1.0,3.0,0.0,61.0,46.0,404.0,340.0,189.0,7.0,0.0,0.0,0.0,0.0,186.0,0.0,0.0,0.0,0.0,0.0,0.0,0.0,0.0,0.0,16.0,0.0,0.0,0.0,0.0,0.0,0.0,0.0,0.0,0.0
29,250_100_0.jpg,2.6428612836479437,6.986020077098296,10.399755618836766,10.014030783564472,20.223863105246398,13.508390133316263,-21.1566603506834,3061.0,0.0,0.0,0.0,0.0,0.0,0.0,0.0,0.0,0.0,340.0,5.0,0.0,0.0,0.0,0.0,0.0,0.0,0.0,0.0,39.0,0.0,0.0,0.0,0.0,0.0,0.0,0.0,0.0,0.0,30.0,42.0,13.0,0.0,0.0,0.0,0.0,0.0,0.0,0.0,621.0,371.0,450.0,1932.0,1902.0,246.0,9.0,2.0,2.0,1.0,47.0,41.0,330.0,257.0,105.0,1.0,0.0,0.0,0.0,0.0,136.0,0.0,0.0,0.0,0.0,0.0,0.0,0.0,0.0,0.0,17.0,0.0,0.0,0.0,0.0,0.0,0.0,0.0,0.0,0.0
30,30_100_0.jpg,2.6265643297494026,6.922446996059477,10.294145433313455,9.824094756459287,19.905669464030925,13.292786592866323,20.387069791121846,2805.0,0.0,0.0,0.0,0.0,0.0,0.0,0.0,0.0,0.0,344.0,15.0,2.0,32.0,0.0,0.0,0.0,0.0,0.0,0.0,64.0,196.0,29.0,23.0,0.0,0.0,0.0,0.0,0.0,0.0,31.0,163.0,37.0,2.0,1.0,0.0,0.0,0.0,0.0,0.0,660.0,426.0,740.0,1382.0,1431.0,683.0,46.0,1.0,0.0,0.0,82.0,59.0,363.0,79.0,63.0,17.0,0.0,0.0,0.0,0.0,202.0,0.0,0.0,0.0,0.0,0.0,0.0,0.0,0.0,0.0,21.0,1.0,0.0,0.0,0.0,0.0,0.0,0.0,0.0,0.0
31,31_100_0.jpg,2.6297892738130826,6.944386258518036,10.31519696811747,9.825172009166511,19.91694252001091,13.304577041316762,20.40735095569959,2785.0,0.0,0.0,0.0,0.0,0.0,0.0,0.0,0.0,0.0,413.0,12.0,1.0,18.0,0.0,0.0,0.0,0.0,0.0,0.0,67.0,202.0,26.0,23.0,0.0,0.0,0.0,0.0,0.0,0.0,34.0,121.0,26.0,7.0,4.0,0.0,0.0,0.0,0.0,0.0,668.0,455.0,693.0,1290.0,1452.0,686.0,49.0,0.0,0.0,0.0,75.0,68.0,450.0,114.0,74.0,5.0,1.0,0.0,0.0,0.0,164.0,0.0,0.0,0.0,0.0,0.0,0.0,0.0,0.0,0.0,17.0,0.0,0.0,0.0,0.0,0.0,0.0,0.0,0.0,0.0
32,32_100_0.jpg,2.6258871164288555,6.941726822730396,10.320953228317736,9.861126732131302,19.9820388199753,13.342031716205321,20.397675793758687,2837.0,0.0,0.0,0.0,0.0,0.0,0.0,0.0,0.0,0.0,369.0,13.0,4.0,15.0,0.0,0.0,0.0,0.0,0.0,0.0,59.0,177.0,11.0,5.0,0.0,0.0,0.0,0.0,0.0,0.0,53.0,189.0,17.0,8.0,2.0,1.0,0.0,0.0,0.0,0.0,684.0,416.0,763.0,1271.0,1459.0,722.0,39.0,0.0,0.0,0.0,62.0,59.0,436.0,86.0,62.0,5.0,0.0,0.0,0.0,0.0,161.0,3.0,0.0,0.0,0.0,0.0,0.0,0.0,0.0,0.0,12.0,0.0,0.0,0.0,0.0,0.0,0.0,0.0,0.0,0.0
33,33_100_0.jpg,2.6356249986987175,6.980399106912565,10.320808272420306,9.818774597701328,19.905890061220155,13.313009715266878,20.44622317559914,2835.0,0.0,0.0,0.0,0.0,0.0,0.0,0.0,0.0,0.0,394.0,26.0,17.0,25.0,0.0,0.0,0.0,0.0,0.0,0.0,58.0,214.0,35.0,6.0,0.0,0.0,0.0,0.0,0.0,0.0,45.0,192.0,60.0,5.0,0.0,2.0,0.0,0.0,0.0,0.0,668.0,438.0,677.0,1263.0,1495.0,640.0,16.0,1.0,0.0,0.0,60.0,86.0,359.0,110.0,62.0,0.0,0.0,0.0,0.0,0.0,196.0,0.0,0.0,0.0,0.0,0.0,0.0,0.0,0.0,0.0,15.0,0.0,0.0,0.0,0.0,0.0,0.0,0.0,0.0,0.0
34,34_100_0.jpg,2.637620327408657,7.01574562825736,10.38734459202901,9.850548873239463,20.00345889564876,13.374677713088836,20.389128241454912,2870.0,0.0,0.0,0.0,0.0,0.0,0.0,0.0,0.0,0.0,362.0,24.0,11.0,24.0,0.0,0.0,0.0,0.0,0.0,0.0,28.0,197.0,13.0,9.0,0.0,0.0,0.0,0.0,0.0,0.0,67.0,293.0,17.0,5.0,2.0,1.0,0.0,0.0,0.0,0.0,648.0,405.0,697.0,1365.0,1513.0,672.0,17.0,0.0,0.0,0.0,71.0,48.0,315.0,52.0,46.0,5.0,0.0,0.0,0.0,0.0,211.0,0.0,0.0,0.0,0.0,0.0,0.0,0.0,0.0,0.0,12.0,0.0,0.0,0.0,0.0,0.0,0.0,0.0,0.0,0.0
35,36_100_0.jpg,2.6203662411401973,6.9238277869362115,10.33151590252016,9.886480651778108,20.024985872089548,13.358198784093311,20.443480409961058,2629.0,0.0,0.0,0.0,0.0,0.0,0.0,0.0,0.0,0.0,439.0,24.0,1.0,0.0,0.0,0.0,0.0,0.0,0.0,0.0,58.0,134.0,17.0,4.0,0.0,0.0,0.0,0.0,0.0,0.0,38.0,304.0,17.0,4.0,0.0,0.0,0.0,0.0,0.0,0.0,736.0,436.0,795.0,1294.0,1447.0,733.0,31.0,0.0,1.0,0.0,52.0,47.0,373.0,76.0,112.0,6.0,1.0,0.0,0.0,0.0,174.0,0.0,0.0,0.0,0.0,0.0,0.0,0.0,0.0,0.0,16.0,1.0,0.0,0.0,0.0,0.0,0.0,0.0,0.0,0.0
36,37_100_0.jpg,2.626016357281789,6.966901904006776,10.335702522591983,9.887452002977238,20.016743738368177,13.37488002240676,20.55203933659189,2688.0,1.0,0.0,0.0,0.0,0.0,0.0,0.0,0.0,0.0,380.0,22.0,0.0,4.0,0.0,0.0,0.0,0.0,0.0,0.0,47.0,125.0,17.0,6.0,0.0,0.0,0.0,0.0,0.0,0.0,50.0,289.0,19.0,0.0,0.0,0.0,0.0,0.0,0.0,0.0,762.0,404.0,796.0,1225.0,1402.0,764.0,21.0,0.0,0.0,0.0,60.0,60.0,391.0,125.0,103.0,3.0,0.0,0.0,0.0,1.0,217.0,2.0,0.0,0.0,0.0,0.0,0.0,0.0,0.0,0.0,16.0,0.0,0.0,0.0,0.0,0.0,0.0,0.0,0.0,0.0
37,38_100_0.jpg,2.6239489808982848,6.952069037796438,10.380250152022283,9.913542645462595,20.07578737827456,13.391609696535095,20.643414547306204,2779.0,0.0,0.0,0.0,0.0,0.0,0.0,0.0,0.0,0.0,397.0,44.0,0.0,7.0,0.0,0.0,0.0,0.0,0.0,0.0,63.0,119.0,12.0,5.0,0.0,0.0,0.0,0.0,0.0,0.0,34.0,269.0,15.0,0.0,0.0,0.0,0.0,0.0,0.0,0.0,693.0,431.0,802.0,1281.0,1458.0,821.0,21.0,1.0,0.0,1.0,70.0,75.0,323.0,62.0,56.0,4.0,0.0,0.0,0.0,0.0,146.0,0.0,0.0,0.0,0.0,0.0,0.0,0.0,0.0,0.0,11.0,0.0,0.0,0.0,0.0,0.0,0.0,0.0,0.0,0.0
38,r_191_100_0.jpg,2.3986091210065084,6.703150033300169,9.93051540717941,8.98816634972294,-18.470273645498644,-12.39944229311422,18.948520803146998,1660.0,0.0,0.0,0.0,0.0,0.0,0.0,0.0,0.0,0.0,249.0,12.0,4.0,0.0,0.0,0.0,0.0,0.0,0.0,0.0,30.0,26.0,1.0,0.0,0.0,0.0,0.0,0.0,0.0,0.0,101.0,156.0,10.0,0.0,0.0,0.0,0.0,0.0,0.0,0.0,708.0,757.0,1260.0,2349.0,1174.0,127.0,27.0,3.0,0.0,0.0,141.0,220.0,349.0,448.0,66.0,7.0,1.0,1.0,0.0,0.0,99.0,1.0,0.0,0.0,0.0,0.0,0.0,0.0,0.0,0.0,13.0,0.0,0.0,0.0,0.0,0.0,0.0,0.0,0.0,0.0
39,r_192_100_0.jpg,2.3917185575908912,6.699562819980931,10.065249669347292,9.00589264141095,-18.54254770178944,-12.358532644893135,-19.69288707196606,1578.0,0.0,0.0,0.0,0.0,0.0,0.0,0.0,0.0,0.0,192.0,0.0,0.0,0.0,0.0,0.0,0.0,0.0,0.0,0.0,28.0,50.0,5.0,0.0,0.0,0.0,0.0,0.0,0.0,0.0,97.0,203.0,48.0,3.0,0.0,0.0,0.0,0.0,0.0,0.0,753.0,737.0,1277.0,2268.0,1292.0,148.0,26.0,6.0,0.0,0.0,121.0,229.0,353.0,353.0,68.0,2.0,0.0,0.0,0.0,0.0,149.0,0.0,0.0,0.0,0.0,0.0,0.0,0.0,0.0,0.0,13.0,1.0,0.0,0.0,0.0,0.0,0.0,0.0,0.0,0.0
40,r_193_100_0.jpg,2.386299702797857,6.712405646319131,10.03488087055698,8.951585059864671,-18.44744658535224,-12.330309589266232,19.404649167018146,1607.0,0.0,0.0,0.0,0.0,0.0,0.0,0.0,0.0,0.0,173.0,3.0,0.0,0.0,0.0,0.0,0.0,0.0,0.0,0.0,58.0,20.0,1.0,0.0,0.0,0.0,0.0,0.0,0.0,0.0,70.0,210.0,18.0,1.0,0.0,0.0,0.0,0.0,0.0,0.0,751.0,719.0,1166.0,2202.0,1266.0,181.0,25.0,4.0,0.0,0.0,148.0,264.0,428.0,477.0,89.0,13.0,1.0,0.0,0.0,0.0,94.0,1.0,0.0,0.0,0.0,0.0,0.0,0.0,0.0,0.0,10.0,0.0,0.0,0.0,0.0,0.0,0.0,0.0,0.0,0.0
41,r_194_100_0.jpg,2.3768232603020243,6.729802819980721,9.9991915325862,8.944465432655182,-18.422337398740574,-12.31203830798453,-19.197042137533018,1464.0,0.0,0.0,0.0,0.0,0.0,0.0,0.0,0.0,0.0,212.0,2.0,0.0,0.0,0.0,0.0,0.0,0.0,0.0,0.0,39.0,57.0,1.0,0.0,0.0,0.0,0.0,0.0,0.0,0.0,60.0,211.0,26.0,1.0,0.0,0.0,0.0,0.0,0.0,0.0,786.0,672.0,1352.0,2445.0,1199.0,183.0,32.0,6.0,0.0,0.0,119.0,243.0,310.0,370.0,70.0,3.0,0.0,0.0,0.0,0.0,121.0,0.0,0.0,0.0,0.0,0.0,0.0,0.0,0.0,0.0,16.0,0.0,0.0,0.0,0.0,0.0,0.0,0.0,0.0,0.0
42,r_195_100_0.jpg,2.3690670003273433,6.749861062270976,9.924803551635073,8.85235238925249,-18.24462660179537,-12.258853458357828,19.127272812433066,1496.0,0.0,0.0,0.0,0.0,0.0,0.0,0.0,0.0,0.0,191.0,6.0,0.0,0.0,0.0,0.0,0.0,0.0,0.0,0.0,36.0,35.0,1.0,0.0,0.0,0.0,0.0,0.0,0.0,0.0,60.0,175.0,21.0,2.0,0.0,0.0,0.0,0.0,0.0,0.0,697.0,685.0,1142.0,2429.0,1210.0,151.0,22.0,5.0,0.0,0.0,172.0,230.0,429.0,535.0,105.0,8.0,1.0,1.0,0.0,0.0,132.0,0.0,0.0,0.0,0.0,0.0,0.0,0.0,0.0,0.0,23.0,0.0,0.0,0.0,0.0,0.0,0.0,0.0,0.0,0.0
43,r_196_100_0.jpg,2.3733356652763407,6.774927106025893,9.890962094682985,8.814422330335429,-18.170278536152445,-12.230425508856202,19.086953998293335,1566.0,0.0,0.0,0.0,0.0,0.0,0.0,0.0,0.0,0.0,133.0,8.0,0.0,0.0,0.0,0.0,0.0,0.0,0.0,0.0,30.0,48.0,6.0,0.0,0.0,0.0,0.0,0.0,0.0,0.0,43.0,117.0,48.0,2.0,0.0,0.0,0.0,0.0,0.0,0.0,737.0,731.0,1281.0,2442.0,1268.0,172.0,35.0,12.0,2.0,1.0,116.0,211.0,322.0,423.0,54.0,9.0,0.0,0.0,0.0,0.0,156.0,0.0,0.0,0.0,0.0,0.0,0.0,0.0,0.0,0.0,27.0,0.0,0.0,0.0,0.0,0.0,0.0,0.0,0.0,0.0
44,r_197_100_0.jpg,2.356596799303574,6.7588549704307885,10.000025613455684,8.827280116677782,-18.241558621572167,-12.215286481056557,-19.51146069051044,1354.0,0.0,0.0,0.0,0.0,0.0,0.0,0.0,0.0,0.0,200.0,3.0,0.0,0.0,0.0,0.0,0.0,0.0,0.0,0.0,36.0,26.0,1.0,0.0,0.0,0.0,0.0,0.0,0.0,0.0,74.0,131.0,14.0,3.0,1.0,0.0,0.0,0.0,0.0,0.0,754.0,708.0,1233.0,2517.0,1158.0,163.0,30.0,10.0,0.0,0.0,130.0,239.0,514.0,442.0,63.0,12.0,1.0,0.0,0.0,0.0,162.0,5.0,0.0,0.0,0.0,0.0,0.0,0.0,0.0,0.0,16.0,0.0,0.0,0.0,0.0,0.0,0.0,0.0,0.0,0.0
45,r_198_100_0.jpg,2.3443633301384184,6.753357352014391,10.035596223217992,8.811054331811448,-18.26670578977293,-12.187915917813832,-18.663942184634713,1345.0,0.0,0.0,0.0,0.0,0.0,0.0,0.0,0.0,0.0,152.0,7.0,4.0,1.0,1.0,0.0,0.0,0.0,0.0,0.0,15.0,53.0,3.0,3.0,0.0,0.0,0.0,0.0,0.0,0.0,76.0,141.0,22.0,5.0,2.0,0.0,0.0,0.0,0.0,0.0,762.0,708.0,1360.0,2550.0,1266.0,179.0,32.0,4.0,0.0,1.0,115.0,213.0,378.0,355.0,50.0,6.0,3.0,1.0,0.0,0.0,153.0,0.0,0.0,0.0,0.0,0.0,0.0,0.0,0.0,0.0,33.0,1.0,0.0,0.0,0.0,0.0,0.0,0.0,0.0,0.0
46,r_199_100_0.jpg,2.3393730015200345,6.783753989804719,10.083555363964399,8.7836837819478,-18.285578156709217,-12.176372370191528,-18.50179397678474,1366.0,0.0,0.0,0.0,0.0,0.0,0.0,0.0,0.0,0.0,138.0,4.0,0.0,0.0,0.0,0.0,0.0,0.0,0.0,0.0,27.0,31.0,3.0,0.0,0.0,0.0,0.0,0.0,0.0,0.0,79.0,112.0,15.0,5.0,1.0,0.0,0.0,0.0,0.0,0.0,752.0,733.0,1289.0,2516.0,1091.0,184.0,18.0,2.0,0.0,0.0,153.0,198.0,384.0,641.0,96.0,6.0,0.0,0.0,0.0,0.0,125.0,0.0,0.0,0.0,0.0,0.0,0.0,0.0,0.0,0.0,31.0,0.0,0.0,0.0,0.0,0.0,0.0,0.0,0.0,0.0
47,r_200_100_0.jpg,2.334747472296414,6.850068105414816,9.972607417192322,8.714108332884928,-18.06515498046268,-12.14366976797702,-18.78674790202397,1249.0,0.0,0.0,0.0,0.0,0.0,0.0,0.0,0.0,0.0,185.0,0.0,0.0,0.0,0.0,0.0,0.0,0.0,0.0,0.0,15.0,40.0,8.0,0.0,0.0,0.0,0.0,0.0,0.0,0.0,71.0,117.0,12.0,1.0,0.0,0.0,0.0,0.0,0.0,0.0,760.0,708.0,1356.0,2642.0,1249.0,189.0,28.0,5.0,2.0,0.0,151.0,171.0,355.0,463.0,31.0,10.0,1.0,0.0,0.0,0.0,157.0,0.0,0.0,0.0,0.0,0.0,0.0,0.0,0.0,0.0,24.0,0.0,0.0,0.0,0.0,0.0,0.0,0.0,0.0,0.0
48,r_201_100_0.jpg,2.3354552312933072,6.8972783351595295,9.988797299724984,8.653237101591229,-17.991546845784907,-12.102641349154275,-18.532290917105872,1210.0,0.0,0.0,0.0,0.0,0.0,0.0,0.0,0.0,0.0,181.0,1.0,0.0,0.0,0.0,0.0,0.0,0.0,0.0,0.0,52.0,13.0,0.0,0.0,0.0,0.0,0.0,0.0,0.0,0.0,65.0,123.0,8.0,0.0,0.0,0.0,0.0,0.0,0.0,0.0,784.0,639.0,1135.0,2414.0,1138.0,183.0,35.0,12.0,1.0,0.0,173.0,362.0,635.0,592.0,54.0,6.0,0.0,0.0,0.0,0.0,157.0,0.0,0.0,0.0,0.0,0.0,0.0,0.0,0.0,0.0,27.0,0.0,0.0,0.0,0.0,0.0,0.0,0.0,0.0,0.0
49,r_202_100_0.jpg,2.3301514384703403,6.884006832271792,9.868568960447103,8.610192385264005,-17.854205114599566,-12.061762250932997,-18.68737520406643,1281.0,0.0,0.0,0.0,0.0,0.0,0.0,0.0,0.0,0.0,175.0,0.0,0.0,0.0,0.0,0.0,0.0,0.0,0.0,0.0,39.0,42.0,13.0,0.0,0.0,0.0,0.0,0.0,0.0,0.0,55.0,94.0,3.0,2.0,1.0,2.0,0.0,0.0,0.0,0.0,750.0,644.0,1281.0,2561.0,1128.0,196.0,29.0,4.0,1.0,0.0,153.0,286.0,637.0,462.0,30.0,3.0,0.0,0.0,0.0,0.0,116.0,0.0,0.0,0.0,0.0,0.0,0.0,0.0,0.0,0.0,12.0,0.0,0.0,0.0,0.0,0.0,0.0,0.0,0.0,0.0
50,r_208_100_0.jpg,2.291480963056022,7.121343929801529,9.876033704354667,8.437809882253491,-17.732737641167038,-12.01011176123589,-17.75852059023095,1123.0,0.0,0.0,0.0,0.0,0.0,0.0,0.0,0.0,0.0,228.0,0.0,0.0,0.0,0.0,0.0,0.0,0.0,0.0,0.0,18.0,9.0,0.0,0.0,0.0,0.0,0.0,0.0,0.0,0.0,31.0,58.0,23.0,1.0,0.0,0.0,0.0,0.0,0.0,0.0,707.0,626.0,1257.0,2936.0,1288.0,229.0,22.0,4.0,0.0,0.0,117.0,247.0,525.0,371.0,50.0,9.0,0.0,0.0,0.0,0.0,103.0,0.0,0.0,0.0,0.0,0.0,0.0,0.0,0.0,0.0,18.0,0.0,0.0,0.0,0.0,0.0,0.0,0.0,0.0,0.0
51,r_209_100_0.jpg,2.310024675626826,7.211985543611597,10.034047612018202,8.522144227651047,-17.934617177080366,-12.142623482889153,-17.968189441543817,1212.0,0.0,0.0,0.0,0.0,0.0,0.0,0.0,0.0,0.0,222.0,0.0,0.0,0.0,0.0,0.0,0.0,0.0,0.0,0.0,23.0,2.0,0.0,0.0,0.0,0.0,0.0,0.0,0.0,0.0,28.0,63.0,4.0,2.0,0.0,0.0,0.0,0.0,0.0,0.0,766.0,603.0,1192.0,2717.0,1249.0,165.0,22.0,1.0,0.0,0.0,147.0,241.0,573.0,523.0,96.0,18.0,3.0,0.0,0.0,0.0,112.0,0.0,0.0,0.0,0.0,0.0,0.0,0.0,0.0,0.0,16.0,0.0,0.0,0.0,0.0,0.0,0.0,0.0,0.0,0.0
52,r_210_100_0.jpg,2.292439989981466,7.199970960535954,9.900838197395569,8.483727956091899,-17.8032393129692,-12.09780959948788,-17.85261333766076,1125.0,0.0,0.0,0.0,0.0,0.0,0.0,0.0,0.0,0.0,215.0,0.0,0.0,0.0,0.0,0.0,0.0,0.0,0.0,0.0,31.0,9.0,0.0,0.0,0.0,0.0,0.0,0.0,0.0,0.0,51.0,77.0,18.0,1.0,0.0,0.0,0.0,0.0,0.0,0.0,752.0,658.0,1286.0,2830.0,1218.0,171.0,27.0,1.0,0.0,0.0,122.0,241.0,530.0,473.0,49.0,15.0,0.0,0.0,0.0,0.0,87.0,0.0,0.0,0.0,0.0,0.0,0.0,0.0,0.0,0.0,13.0,0.0,0.0,0.0,0.0,0.0,0.0,0.0,0.0,0.0
53,r_211_100_0.jpg,2.3021368759544707,7.212302445775593,9.89807927522458,8.46654556732572,-17.775809155255743,-12.088934052704627,-17.82580865573325,1114.0,0.0,0.0,0.0,0.0,0.0,0.0,0.0,0.0,0.0,208.0,0.0,0.0,0.0,0.0,0.0,0.0,0.0,0.0,0.0,42.0,6.0,0.0,0.0,0.0,0.0,0.0,0.0,0.0,0.0,34.0,62.0,14.0,1.0,0.0,0.0,0.0,0.0,0.0,0.0,778.0,598.0,1231.0,2761.0,1141.0,161.0,21.0,2.0,1.0,0.0,125.0,230.0,631.0,587.0,96.0,21.0,2.0,0.0,0.0,0.0,115.0,0.0,0.0,0.0,0.0,0.0,0.0,0.0,0.0,0.0,18.0,0.0,0.0,0.0,0.0,0.0,0.0,0.0,0.0,0.0
54,r_212_100_0.jpg,2.3310772033745315,7.552197448864206,10.264414102197797,8.638301050248172,-18.416280012445217,-12.458892619338496,-18.144226538781176,1177.0,0.0,0.0,0.0,0.0,0.0,0.0,0.0,0.0,0.0,176.0,0.0,0.0,0.0,0.0,0.0,0.0,0.0,0.0,0.0,34.0,1.0,0.0,0.0,0.0,0.0,0.0,0.0,0.0,0.0,43.0,57.0,7.0,0.0,0.0,0.0,0.0,0.0,0.0,0.0,778.0,642.0,1291.0,2816.0,1153.0,131.0,18.0,4.0,0.0,0.0,112.0,196.0,560.0,495.0,74.0,10.0,1.0,0.0,0.0,0.0,201.0,0.0,0.0,0.0,0.0,0.0,0.0,0.0,0.0,0.0,23.0,0.0,0.0,0.0,0.0,0.0,0.0,0.0,0.0,0.0
55,r_213_100_0.jpg,2.3291885371143985,7.523290848372113,10.148204872975537,8.604014518200117,-18.183385732289047,-12.40045727983081,-18.08823398523862,1271.0,0.0,0.0,0.0,0.0,0.0,0.0,0.0,0.0,0.0,244.0,0.0,0.0,0.0,0.0,0.0,0.0,0.0,0.0,0.0,24.0,27.0,2.0,0.0,0.0,0.0,0.0,0.0,0.0,0.0,37.0,106.0,3.0,2.0,0.0,0.0,0.0,0.0,0.0,0.0,683.0,664.0,1307.0,2655.0,1049.0,171.0,23.0,2.0,0.0,0.0,160.0,188.0,543.0,567.0,127.0,14.0,0.0,0.0,0.0,0.0,118.0,0.0,0.0,0.0,0.0,0.0,0.0,0.0,0.0,0.0,13.0,0.0,0.0,0.0,0.0,0.0,0.0,0.0,0.0,0.0
56,r_214_100_0.jpg,2.333165119454097,7.54453653873711,10.139402659962114,8.643671462561455,-18.122628347298196,-12.44114329738685,-18.27502620002948,1373.0,0.0,0.0,0.0,0.0,0.0,0.0,0.0,0.0,0.0,166.0,0.0,0.0,0.0,0.0,0.0,0.0,0.0,0.0,0.0,39.0,18.0,6.0,5.0,0.0,0.0,0.0,0.0,0.0,0.0,46.0,101.0,14.0,1.0,0.0,0.0,0.0,0.0,0.0,0.0,679.0,698.0,1340.0,2712.0,1196.0,204.0,20.0,2.0,0.0,0.0,144.0,127.0,458.0,461.0,62.0,6.0,0.0,0.0,0.0,0.0,110.0,0.0,0.0,0.0,0.0,0.0,0.0,0.0,0.0,0.0,12.0,0.0,0.0,0.0,0.0,0.0,0.0,0.0,0.0,0.0
57,r_215_100_0.jpg,2.3332605584369546,7.487609735530356,10.071181785814186,8.563235563492936,-18.13777852583567,-12.361546181365458,-17.95967857827838,1289.0,1.0,0.0,0.0,0.0,0.0,0.0,0.0,0.0,0.0,269.0,3.0,0.0,0.0,0.0,0.0,0.0,0.0,0.0,0.0,11.0,13.0,0.0,0.0,0.0,0.0,0.0,0.0,0.0,0.0,30.0,99.0,1.0,0.0,0.0,0.0,0.0,0.0,0.0,0.0,697.0,628.0,1355.0,2698.0,1167.0,178.0,19.0,4.0,0.0,0.0,169.0,160.0,489.0,530.0,82.0,8.0,1.0,0.0,0.0,0.0,89.0,0.0,0.0,0.0,0.0,0.0,0.0,0.0,0.0,0.0,9.0,1.0,0.0,0.0,0.0,0.0,0.0,0.0,0.0,0.0
58,r_216_100_0.jpg,2.327692574635286,7.597011545801452,10.196844516590616,8.633009587591825,-18.197510537581966,-12.471260515026966,-18.19939683386497,1273.0,0.0,0.0,0.0,0.0,0.0,0.0,0.0,0.0,0.0,161.0,0.0,0.0,0.0,0.0,0.0,0.0,0.0,0.0,0.0,31.0,4.0,3.0,4.0,0.0,0.0,0.0,0.0,0.0,0.0,33.0,110.0,6.0,0.0,0.0,0.0,0.0,0.0,0.0,0.0,721.0,649.0,1420.0,2816.0,1241.0,169.0,19.0,3.0,1.0,0.0,138.0,146.0,387.0,406.0,51.0,4.0,0.0,0.0,0.0,0.0,176.0,0.0,0.0,0.0,0.0,0.0,0.0,0.0,0.0,0.0,28.0,0.0,0.0,0.0,0.0,0.0,0.0,0.0,0.0,0.0
59,r_217_100_0.jpg,2.3262681768795193,7.604287622374454,9.960903227582481,8.534315729975338,-18.345341753617927,-12.47541697128023,-17.798777725053476,1283.0,0.0,0.0,0.0,0.0,0.0,0.0,0.0,0.0,0.0,197.0,0.0,0.0,0.0,0.0,0.0,0.0,0.0,0.0,0.0,35.0,4.0,0.0,0.0,0.0,0.0,0.0,0.0,0.0,0.0,50.0,83.0,21.0,0.0,0.0,0.0,0.0,0.0,0.0,0.0,713.0,632.0,1300.0,2755.0,1166.0,178.0,16.0,1.0,0.0,0.0,146.0,203.0,414.0,604.0,79.0,8.0,1.0,0.0,0.0,0.0,103.0,0.0,0.0,0.0,0.0,0.0,0.0,0.0,0.0,0.0,8.0,0.0,0.0,0.0,0.0,0.0,0.0,0.0,0.0,0.0
60,r_218_100_0.jpg,2.319255999182355,7.723833703825041,10.142109568758551,8.60388708005637,-18.403265677474693,-12.639136934525865,-18.00972677787367,1208.0,0.0,0.0,0.0,0.0,0.0,0.0,0.0,0.0,0.0,198.0,0.0,0.0,0.0,0.0,0.0,0.0,0.0,0.0,0.0,24.0,10.0,0.0,0.0,0.0,0.0,0.0,0.0,0.0,0.0,43.0,67.0,21.0,0.0,0.0,0.0,0.0,0.0,0.0,0.0,689.0,665.0,1366.0,2760.0,1270.0,172.0,22.0,2.0,0.0,0.0,154.0,205.0,457.0,393.0,54.0,6.0,0.0,0.0,0.0,0.0,191.0,0.0,0.0,0.0,0.0,0.0,0.0,0.0,0.0,0.0,23.0,0.0,0.0,0.0,0.0,0.0,0.0,0.0,0.0,0.0
61,r_219_100_0.jpg,2.332196284063749,7.777958529907451,10.095846576405581,8.78235059971101,-18.704770596090494,-13.038094160113321,-18.246262730776184,1250.0,0.0,0.0,0.0,0.0,0.0,0.0,0.0,0.0,0.0,97.0,0.0,0.0,0.0,0.0,0.0,0.0,0.0,0.0,0.0,33.0,0.0,4.0,0.0,0.0,0.0,0.0,0.0,0.0,0.0,32.0,50.0,13.0,0.0,0.0,0.0,0.0,0.0,0.0,0.0,745.0,638.0,1276.0,2638.0,1303.0,149.0,17.0,0.0,0.0,0.0,164.0,210.0,579.0,452.0,95.0,9.0,2.0,0.0,0.0,0.0,216.0,1.0,1.0,0.0,0.0,0.0,0.0,0.0,0.0,0.0,24.0,2.0,0.0,0.0,0.0,0.0,0.0,0.0,0.0,0.0
62,r_220_100_0.jpg,2.3266782674629796,7.711545287481187,10.031205023742315,8.77004450003532,-18.80796652466334,-13.14874266298249,-18.18252592572647,1226.0,0.0,0.0,0.0,0.0,0.0,0.0,0.0,0.0,0.0,144.0,0.0,0.0,0.0,0.0,0.0,0.0,0.0,0.0,0.0,46.0,11.0,1.0,1.0,0.0,0.0,0.0,0.0,0.0,0.0,36.0,47.0,7.0,0.0,0.0,0.0,0.0,0.0,0.0,0.0,729.0,653.0,1416.0,2614.0,1297.0,171.0,9.0,2.0,0.0,0.0,156.0,196.0,525.0,435.0,67.0,11.0,1.0,0.0,0.0,0.0,172.0,0.0,0.0,0.0,0.0,0.0,0.0,0.0,0.0,0.0,27.0,0.0,0.0,0.0,0.0,0.0,0.0,0.0,0.0,0.0
63,r_221_100_0.jpg,2.3255260750412265,7.76044676947942,10.056152965687613,8.76765584754125,-19.22414986845278,-13.354826571667127,-18.181335871975655,1248.0,0.0,0.0,0.0,0.0,0.0,0.0,0.0,0.0,0.0,166.0,0.0,0.0,0.0,0.0,0.0,0.0,0.0,0.0,0.0,38.0,1.0,0.0,0.0,0.0,0.0,0.0,0.0,0.0,0.0,39.0,73.0,10.0,0.0,0.0,0.0,0.0,0.0,0.0,0.0,731.0,575.0,1399.0,2455.0,1240.0,151.0,14.0,0.0,0.0,0.0,146.0,269.0,673.0,532.0,80.0,6.0,0.0,0.0,0.0,0.0,146.0,0.0,0.0,0.0,0.0,0.0,0.0,0.0,0.0,0.0,8.0,0.0,0.0,0.0,0.0,0.0,0.0,0.0,0.0,0.0
64,r_222_100_0.jpg,2.3355839295255434,7.731396161692952,10.033777186195723,8.73719690600534,-19.114365243793177,-13.146584610426913,-18.124952029318898,1278.0,0.0,0.0,0.0,0.0,0.0,0.0,0.0,0.0,0.0,193.0,0.0,0.0,0.0,0.0,0.0,0.0,0.0,0.0,0.0,41.0,0.0,1.0,0.0,0.0,0.0,0.0,0.0,0.0,0.0,40.0,56.0,3.0,5.0,1.0,0.0,0.0,0.0,0.0,0.0,773.0,592.0,1485.0,2411.0,1308.0,160.0,19.0,1.0,0.0,0.0,141.0,235.0,643.0,432.0,57.0,6.0,0.0,0.0,0.0,0.0,107.0,0.0,0.0,0.0,0.0,0.0,0.0,0.0,0.0,0.0,12.0,0.0,0.0,0.0,0.0,0.0,0.0,0.0,0.0,0.0
65,r_223_100_0.jpg,2.3344769942426535,7.797402046194302,10.056148974541616,8.733054373479254,19.937533065426322,-13.40429942650233,-18.127708173250216,1285.0,0.0,0.0,0.0,0.0,0.0,0.0,0.0,0.0,0.0,164.0,0.0,0.0,0.0,0.0,0.0,0.0,0.0,0.0,0.0,35.0,1.0,0.0,0.0,0.0,0.0,0.0,0.0,0.0,0.0,52.0,42.0,8.0,1.0,0.0,0.0,0.0,0.0,0.0,0.0,746.0,641.0,1471.0,2367.0,1273.0,167.0,20.0,0.0,0.0,0.0,133.0,213.0,618.0,507.0,82.0,7.0,0.0,0.0,0.0,0.0,154.0,0.0,0.0,0.0,0.0,0.0,0.0,0.0,0.0,0.0,13.0,0.0,0.0,0.0,0.0,0.0,0.0,0.0,0.0,0.0
66,r_224_100_0.jpg,2.333915621128891,7.822661493824747,10.059950159514624,8.72740226088659,19.233289591238727,-13.420025533881205,-18.122377534919334,1201.0,0.0,0.0,0.0,0.0,0.0,0.0,0.0,0.0,0.0,227.0,0.0,0.0,0.0,0.0,0.0,0.0,0.0,0.0,0.0,36.0,1.0,2.0,0.0,0.0,0.0,0.0,0.0,0.0,0.0,63.0,90.0,20.0,0.0,0.0,0.0,0.0,0.0,0.0,0.0,769.0,608.0,1558.0,2439.0,1446.0,151.0,17.0,0.0,0.0,0.0,108.0,215.0,492.0,283.0,79.0,22.0,0.0,0.0,0.0,0.0,161.0,0.0,0.0,0.0,0.0,0.0,0.0,0.0,0.0,0.0,12.0,0.0,0.0,0.0,0.0,0.0,0.0,0.0,0.0,0.0
67,r_225_100_0.jpg,2.3526777402359187,7.9263982527636285,10.325322208215079,8.813698631016663,-20.45449559954304,-13.243872640696646,-18.383224689195977,1419.0,0.0,0.0,0.0,0.0,0.0,0.0,0.0,0.0,0.0,199.0,0.0,0.0,0.0,0.0,0.0,0.0,0.0,0.0,0.0,42.0,1.0,3.0,0.0,0.0,0.0,0.0,0.0,0.0,0.0,48.0,49.0,15.0,0.0,0.0,0.0,0.0,0.0,0.0,0.0,709.0,547.0,1252.0,2192.0,1258.0,109.0,8.0,0.0,0.0,0.0,169.0,265.0,734.0,706.0,144.0,23.0,0.0,0.0,0.0,0.0,89.0,4.0,0.0,0.0,0.0,0.0,0.0,0.0,0.0,0.0,15.0,0.0,0.0,0.0,0.0,0.0,0.0,0.0,0.0,0.0
68,r_226_100_0.jpg,2.3400169475255033,7.792697469263677,10.154086848205116,8.812873919064296,-19.174045526384365,-13.445991397091019,-18.300202116072747,1306.0,0.0,0.0,0.0,0.0,0.0,0.0,0.0,0.0,0.0,142.0,3.0,0.0,0.0,0.0,0.0,0.0,0.0,0.0,0.0,37.0,4.0,0.0,0.0,0.0,0.0,0.0,0.0,0.0,0.0,42.0,125.0,22.0,7.0,0.0,0.0,0.0,0.0,0.0,0.0,765.0,558.0,1484.0,2059.0,1394.0,188.0,10.0,1.0,0.0,0.0,152.0,232.0,664.0,526.0,76.0,9.0,1.0,0.0,0.0,0.0,180.0,0.0,0.0,0.0,0.0,0.0,0.0,0.0,0.0,0.0,13.0,0.0,0.0,0.0,0.0,0.0,0.0,0.0,0.0,0.0
69,r_231_100_0.jpg,2.3304137275960235,7.893131351814424,9.994158458731356,8.695518895186272,18.8699524381392,-14.196354101314792,-18.045170043607754,1236.0,0.0,0.0,0.0,0.0,0.0,0.0,0.0,0.0,0.0,180.0,0.0,2.0,0.0,0.0,0.0,0.0,0.0,0.0,0.0,34.0,11.0,3.0,2.0,0.0,0.0,0.0,0.0,0.0,0.0,64.0,27.0,20.0,0.0,0.0,0.0,0.0,0.0,0.0,0.0,767.0,598.0,1620.0,2017.0,1456.0,198.0,7.0,1.0,0.0,0.0,141.0,257.0,677.0,473.0,60.0,9.0,0.0,0.0,0.0,0.0,124.0,0.0,0.0,0.0,0.0,0.0,0.0,0.0,0.0,0.0,16.0,0.0,0.0,0.0,0.0,0.0,0.0,0.0,0.0,0.0
70,r_232_100_0.jpg,2.330986095533734,7.965080219799483,10.053137427887615,8.699567875411178,18.76857423759868,-16.654096737069427,-18.085052118792795,1249.0,0.0,0.0,0.0,0.0,0.0,0.0,0.0,0.0,0.0,204.0,0.0,0.0,0.0,0.0,0.0,0.0,0.0,0.0,0.0,26.0,7.0,4.0,5.0,0.0,0.0,0.0,0.0,0.0,0.0,60.0,31.0,21.0,4.0,0.0,0.0,0.0,0.0,0.0,0.0,732.0,655.0,1558.0,2251.0,1482.0,186.0,5.0,1.0,0.0,0.0,162.0,279.0,635.0,276.0,31.0,1.0,0.0,0.0,0.0,0.0,115.0,0.0,0.0,0.0,0.0,0.0,0.0,0.0,0.0,0.0,20.0,0.0,0.0,0.0,0.0,0.0,0.0,0.0,0.0,0.0
71,r_233_100_0.jpg,2.331768731828406,7.989154454744856,10.050903245601846,8.704322888589315,18.638762380872492,14.482082680259646,-18.099329117448452,1259.0,0.0,0.0,0.0,0.0,0.0,0.0,0.0,0.0,0.0,211.0,1.0,0.0,0.0,0.0,0.0,0.0,0.0,0.0,0.0,26.0,6.0,2.0,0.0,0.0,0.0,0.0,0.0,0.0,0.0,39.0,34.0,12.0,0.0,0.0,0.0,0.0,0.0,0.0,0.0,764.0,641.0,1530.0,2067.0,1494.0,162.0,11.0,0.0,0.0,0.0,174.0,295.0,732.0,367.0,64.0,6.0,2.0,0.0,0.0,0.0,78.0,0.0,0.0,0.0,0.0,0.0,0.0,0.0,0.0,0.0,23.0,0.0,0.0,0.0,0.0,0.0,0.0,0.0,0.0,0.0
72,r_234_100_0.jpg,2.3288971484802348,8.076935895105555,10.210574048536802,8.804560408277847,19.46330301916741,14.080912685498419,-18.313212782862756,1235.0,0.0,0.0,0.0,0.0,0.0,0.0,0.0,0.0,0.0,164.0,2.0,0.0,0.0,0.0,0.0,0.0,0.0,0.0,0.0,40.0,0.0,1.0,0.0,0.0,0.0,0.0,0.0,0.0,0.0,49.0,74.0,12.0,4.0,0.0,0.0,0.0,0.0,0.0,0.0,816.0,623.0,1572.0,2141.0,1558.0,179.0,12.0,0.0,0.0,0.0,146.0,240.0,567.0,374.0,51.0,6.0,0.0,0.0,0.0,0.0,125.0,0.0,0.0,0.0,0.0,0.0,0.0,0.0,0.0,0.0,9.0,0.0,0.0,0.0,0.0,0.0,0.0,0.0,0.0,0.0
73,r_235_100_0.jpg,2.307464804681579,7.9656976046879775,9.956727670168048,8.783776944116703,18.814612169178613,-14.734265203732875,-18.164650270835278,1185.0,0.0,0.0,0.0,0.0,0.0,0.0,0.0,0.0,0.0,181.0,0.0,0.0,0.0,0.0,0.0,0.0,0.0,0.0,0.0,30.0,2.0,1.0,0.0,0.0,0.0,0.0,0.0,0.0,0.0,41.0,25.0,25.0,2.0,0.0,0.0,0.0,0.0,0.0,0.0,802.0,690.0,1461.0,2166.0,1513.0,182.0,4.0,0.0,0.0,0.0,103.0,297.0,661.0,431.0,66.0,7.0,1.0,0.0,0.0,0.0,112.0,0.0,0.0,0.0,0.0,0.0,0.0,0.0,0.0,0.0,12.0,0.0,0.0,0.0,0.0,0.0,0.0,0.0,0.0,0.0
74,r_236_100_0.jpg,2.3236781640446535,8.182251033462702,10.10262969966635,8.753494785692531,18.401356937570743,13.328787777976276,-18.279628066506987,1221.0,0.0,0.0,0.0,0.0,0.0,0.0,0.0,0.0,0.0,260.0,0.0,0.0,0.0,0.0,0.0,0.0,0.0,0.0,0.0,28.0,4.0,0.0,0.0,0.0,0.0,0.0,0.0,0.0,0.0,43.0,36.0,19.0,1.0,0.0,0.0,0.0,0.0,0.0,0.0,721.0,724.0,1563.0,2199.0,1510.0,171.0,5.0,0.0,0.0,0.0,168.0,310.0,516.0,359.0,39.0,3.0,0.0,0.0,0.0,0.0,86.0,1.0,0.0,0.0,0.0,0.0,0.0,0.0,0.0,0.0,12.0,1.0,0.0,0.0,0.0,0.0,0.0,0.0,0.0,0.0
75,r_239_100_0.jpg,2.3153003070529223,8.38428580670942,10.323471494309421,8.559529963651402,18.487896598534256,-12.854360643261828,-18.025419054464493,1241.0,0.0,0.0,0.0,0.0,0.0,0.0,0.0,0.0,0.0,212.0,1.0,0.0,0.0,0.0,0.0,0.0,0.0,0.0,0.0,20.0,1.0,3.0,0.0,0.0,0.0,0.0,0.0,0.0,0.0,35.0,25.0,29.0,4.0,0.0,0.0,0.0,0.0,0.0,0.0,759.0,672.0,1639.0,1990.0,1387.0,96.0,5.0,0.0,0.0,0.0,121.0,378.0,695.0,440.0,105.0,10.0,0.0,0.0,0.0,0.0,112.0,0.0,0.0,0.0,0.0,0.0,0.0,0.0,0.0,0.0,20.0,0.0,0.0,0.0,0.0,0.0,0.0,0.0,0.0,0.0
76,r_240_100_0.jpg,2.303604044791501,8.262880490356611,10.200290337215048,8.576814037857185,18.953108163045943,-12.744680025755253,-17.967676045796477,1192.0,0.0,0.0,0.0,0.0,0.0,0.0,0.0,0.0,0.0,190.0,2.0,0.0,0.0,0.0,0.0,0.0,0.0,0.0,0.0,17.0,0.0,0.0,0.0,0.0,0.0,0.0,0.0,0.0,0.0,33.0,41.0,15.0,2.0,0.0,0.0,0.0,0.0,0.0,0.0,735.0,666.0,1763.0,2114.0,1509.0,108.0,1.0,0.0,0.0,0.0,102.0,338.0,634.0,305.0,47.0,4.0,0.0,0.0,0.0,0.0,154.0,7.0,0.0,0.0,0.0,0.0,0.0,0.0,0.0,0.0,21.0,0.0,0.0,0.0,0.0,0.0,0.0,0.0,0.0,0.0
77,r_241_100_0.jpg,2.3114698036808927,8.160883843796023,10.198814591479897,8.486796728337348,18.507017782010553,-12.615348741222844,-17.839413025757604,1207.0,0.0,0.0,0.0,0.0,0.0,0.0,0.0,0.0,0.0,190.0,0.0,0.0,0.0,0.0,0.0,0.0,0.0,0.0,0.0,16.0,6.0,2.0,0.0,0.0,0.0,0.0,0.0,0.0,0.0,34.0,18.0,15.0,0.0,0.0,0.0,0.0,0.0,0.0,0.0,763.0,723.0,1628.0,2060.0,1474.0,74.0,2.0,0.0,0.0,0.0,119.0,326.0,707.0,397.0,85.0,1.0,0.0,0.0,0.0,0.0,128.0,0.0,0.0,0.0,0.0,0.0,0.0,0.0,0.0,0.0,25.0,0.0,0.0,0.0,0.0,0.0,0.0,0.0,0.0,0.0
78,r_242_100_0.jpg,2.3082038871491055,8.29889198306375,10.39536227138921,8.613010572691376,18.738196203709958,-12.763824094106516,-18.130005590958184,1296.0,0.0,0.0,0.0,0.0,0.0,0.0,0.0,0.0,0.0,165.0,0.0,0.0,0.0,0.0,0.0,0.0,0.0,0.0,0.0,11.0,2.0,0.0,0.0,0.0,0.0,0.0,0.0,0.0,0.0,48.0,56.0,5.0,0.0,0.0,0.0,0.0,0.0,0.0,0.0,785.0,723.0,1705.0,2282.0,1440.0,61.0,7.0,0.0,0.0,0.0,108.0,288.0,545.0,316.0,55.0,0.0,0.0,0.0,0.0,0.0,97.0,0.0,0.0,0.0,0.0,0.0,0.0,0.0,0.0,0.0,5.0,0.0,0.0,0.0,0.0,0.0,0.0,0.0,0.0,0.0
79,r_243_100_0.jpg,2.2917873470595564,8.226047577930684,10.127456551267382,8.543452166771553,18.599211668061866,-12.669305561095056,-17.886925867008124,1145.0,0.0,0.0,0.0,0.0,0.0,0.0,0.0,0.0,0.0,201.0,0.0,0.0,0.0,0.0,0.0,0.0,0.0,0.0,0.0,19.0,1.0,0.0,0.0,0.0,0.0,0.0,0.0,0.0,0.0,49.0,20.0,14.0,0.0,0.0,0.0,0.0,0.0,0.0,0.0,806.0,709.0,1650.0,2128.0,1380.0,79.0,3.0,1.0,0.0,0.0,108.0,404.0,645.0,479.0,78.0,2.0,1.0,0.0,0.0,0.0,63.0,0.0,0.0,0.0,0.0,0.0,0.0,0.0,0.0,0.0,15.0,0.0,0.0,0.0,0.0,0.0,0.0,0.0,0.0,0.0
80,r_244_100_0.jpg,2.2804918127747498,8.359088135065916,10.125960450105621,8.511189527594878,-19.022935839464495,-12.712196820134317,-17.830658450117834,1161.0,0.0,0.0,0.0,0.0,0.0,0.0,0.0,0.0,0.0,179.0,0.0,0.0,0.0,0.0,0.0,0.0,0.0,0.0,0.0,9.0,7.0,3.0,0.0,0.0,0.0,0.0,0.0,0.0,0.0,52.0,71.0,7.0,0.0,0.0,0.0,0.0,0.0,0.0,0.0,758.0,761.0,1793.0,2204.0,1568.0,75.0,2.0,0.0,0.0,0.0,96.0,315.0,513.0,297.0,41.0,1.0,0.0,0.0,0.0,0.0,73.0,0.0,0.0,0.0,0.0,0.0,0.0,0.0,0.0,0.0,14.0,0.0,0.0,0.0,0.0,0.0,0.0,0.0,0.0,0.0
81,r_245_100_0.jpg,2.2988671612437503,8.20756164891698,10.23842796628581,8.570725210534983,18.631721876939444,-12.675372011991724,-17.986133606663618,1166.0,0.0,0.0,0.0,0.0,0.0,0.0,0.0,0.0,0.0,162.0,0.0,0.0,0.0,0.0,0.0,0.0,0.0,0.0,0.0,18.0,0.0,3.0,0.0,0.0,0.0,0.0,0.0,0.0,0.0,40.0,29.0,9.0,0.0,0.0,0.0,0.0,0.0,0.0,0.0,792.0,741.0,1585.0,2134.0,1438.0,62.0,5.0,0.0,0.0,0.0,114.0,387.0,688.0,418.0,54.0,3.0,0.0,0.0,0.0,0.0,130.0,5.0,0.0,0.0,0.0,0.0,0.0,0.0,0.0,0.0,16.0,1.0,0.0,0.0,0.0,0.0,0.0,0.0,0.0,0.0
82,r_246_100_0.jpg,2.3036091591720136,8.109009843714643,10.403162076951707,8.593609356278696,18.670217211850325,-12.667868693017274,-18.107695665067567,1158.0,0.0,0.0,0.0,0.0,0.0,0.0,0.0,0.0,0.0,209.0,0.0,0.0,0.0,0.0,0.0,0.0,0.0,0.0,0.0,15.0,13.0,0.0,0.0,0.0,0.0,0.0,0.0,0.0,0.0,32.0,67.0,9.0,0.0,0.0,0.0,0.0,0.0,0.0,0.0,795.0,852.0,1666.0,2172.0,1445.0,67.0,1.0,0.0,0.0,0.0,100.0,286.0,541.0,367.0,49.0,3.0,0.0,0.0,0.0,0.0,134.0,1.0,0.0,0.0,0.0,0.0,0.0,0.0,0.0,0.0,17.0,1.0,0.0,0.0,0.0,0.0,0.0,0.0,0.0,0.0
83,r_251_100_0.jpg,2.295391703958788,7.2374928677437085,10.34579536430529,8.372299946573618,-17.746853274476692,-12.099649209916837,-18.31218616167975,1132.0,0.0,0.0,0.0,0.0,0.0,0.0,0.0,0.0,0.0,226.0,0.0,0.0,0.0,0.0,0.0,0.0,0.0,0.0,0.0,38.0,1.0,0.0,0.0,0.0,0.0,0.0,0.0,0.0,0.0,30.0,11.0,11.0,0.0,0.0,0.0,0.0,0.0,0.0,0.0,667.0,748.0,1500.0,2067.0,1105.0,33.0,1.0,0.0,0.0,0.0,147.0,590.0,880.0,572.0,113.0,1.0,0.0,0.0,0.0,0.0,113.0,0.0,0.0,0.0,0.0,0.0,0.0,0.0,0.0,0.0,14.0,0.0,0.0,0.0,0.0,0.0,0.0,0.0,0.0,0.0
84,r_253_100_0.jpg,2.2901936300590267,7.056299056875228,10.505382894005852,8.461837895386592,-17.970814448784395,-12.143512748924815,-18.424257723661803,1213.0,0.0,0.0,0.0,0.0,0.0,0.0,0.0,0.0,0.0,184.0,0.0,0.0,0.0,0.0,0.0,0.0,0.0,0.0,0.0,25.0,8.0,0.0,0.0,0.0,0.0,0.0,0.0,0.0,0.0,57.0,16.0,0.0,0.0,0.0,0.0,0.0,0.0,0.0,0.0,691.0,715.0,1522.0,2249.0,1149.0,30.0,3.0,0.0,0.0,0.0,133.0,619.0,829.0,422.0,61.0,0.0,0.0,0.0,0.0,0.0,57.0,0.0,0.0,0.0,0.0,0.0,0.0,0.0,0.0,0.0,17.0,0.0,0.0,0.0,0.0,0.0,0.0,0.0,0.0,0.0
85,r_55_100_0.jpg,2.3321972000138467,8.044873086940196,9.899425271870166,8.66712316002334,-18.611580937158358,-12.797945278737325,17.960988330474343,1315.0,21.0,28.0,23.0,10.0,1.0,0.0,0.0,0.0,0.0,208.0,30.0,1.0,3.0,1.0,0.0,0.0,0.0,0.0,0.0,26.0,64.0,2.0,0.0,0.0,0.0,0.0,0.0,0.0,0.0,53.0,340.0,8.0,0.0,0.0,0.0,0.0,0.0,0.0,0.0,810.0,849.0,1194.0,2105.0,948.0,83.0,4.0,0.0,0.0,0.0,113.0,315.0,893.0,356.0,49.0,2.0,0.0,0.0,0.0,0.0,99.0,4.0,2.0,0.0,0.0,0.0,0.0,0.0,0.0,0.0,25.0,11.0,4.0,0.0,0.0,0.0,0.0,0.0,0.0,0.0
86,r_57_100_0.jpg,2.336477722045756,8.30479707201905,9.91597402955208,8.667927443206292,18.5565854011846,-13.197192145488255,17.97425412821552,1262.0,26.0,40.0,12.0,0.0,0.0,0.0,0.0,0.0,0.0,271.0,35.0,14.0,10.0,0.0,0.0,0.0,0.0,0.0,0.0,31.0,96.0,7.0,0.0,0.0,0.0,0.0,0.0,0.0,0.0,55.0,185.0,1.0,7.0,1.0,0.0,0.0,0.0,0.0,0.0,771.0,731.0,1070.0,1924.0,947.0,50.0,3.0,0.0,0.0,0.0,136.0,411.0,1325.0,389.0,31.0,5.0,0.0,0.0,0.0,0.0,111.0,2.0,0.0,0.0,0.0,0.0,0.0,0.0,0.0,0.0,21.0,8.0,12.0,0.0,0.0,0.0,0.0,0.0,0.0,0.0
87,r_65_100_0.jpg,2.3448315139719282,7.772981062623375,9.995949586408887,8.626552758232858,-18.784293610901386,-12.856543102024917,17.942252454000776,1392.0,25.0,31.0,22.0,8.0,0.0,0.0,0.0,0.0,0.0,176.0,17.0,18.0,3.0,0.0,0.0,0.0,0.0,0.0,0.0,25.0,59.0,17.0,3.0,0.0,0.0,0.0,0.0,0.0,0.0,29.0,269.0,26.0,1.0,0.0,0.0,0.0,0.0,0.0,0.0,767.0,751.0,1020.0,1900.0,1054.0,60.0,9.0,3.0,0.0,0.0,203.0,576.0,1041.0,308.0,26.0,4.0,1.0,0.0,0.0,0.0,87.0,13.0,2.0,0.0,0.0,0.0,0.0,0.0,0.0,0.0,26.0,21.0,7.0,0.0,0.0,0.0,0.0,0.0,0.0,0.0
88,r_67_100_0.jpg,2.344722147865003,7.810591191432845,10.050961876734494,8.699289691851426,19.533409073128624,-13.510080906381512,18.07467791584578,1286.0,28.0,41.0,21.0,4.0,0.0,0.0,0.0,0.0,0.0,218.0,14.0,6.0,0.0,0.0,0.0,0.0,0.0,0.0,0.0,24.0,104.0,15.0,2.0,0.0,0.0,0.0,0.0,0.0,0.0,86.0,345.0,23.0,3.0,0.0,0.0,0.0,0.0,0.0,0.0,848.0,818.0,1054.0,1832.0,971.0,61.0,4.0,0.0,0.0,0.0,148.0,561.0,919.0,341.0,35.0,1.0,0.0,0.0,0.0,0.0,144.0,8.0,0.0,0.0,0.0,0.0,0.0,0.0,0.0,0.0,27.0,4.0,4.0,0.0,0.0,0.0,0.0,0.0,0.0,0.0
89,r_69_100_0.jpg,2.3431553694640415,7.811710273506842,10.097066090825754,8.701330648772744,19.037480245799106,-13.588321659309413,18.103451630789255,1390.0,41.0,40.0,9.0,0.0,0.0,0.0,0.0,0.0,0.0,175.0,43.0,25.0,7.0,0.0,0.0,0.0,0.0,0.0,0.0,25.0,92.0,7.0,5.0,0.0,0.0,0.0,0.0,0.0,0.0,92.0,335.0,38.0,8.0,1.0,0.0,0.0,0.0,0.0,0.0,813.0,845.0,1074.0,1843.0,858.0,80.0,13.0,2.0,0.0,0.0,155.0,517.0,864.0,405.0,39.0,8.0,2.0,0.0,0.0,0.0,114.0,9.0,0.0,0.0,0.0,0.0,0.0,0.0,0.0,0.0,17.0,9.0,0.0,0.0,0.0,0.0,0.0,0.0,0.0,0.0
90,r_70_100_0.jpg,2.342107600730481,7.78838657383794,10.083780015263798,8.699252813204245,19.094570065683435,-13.49734055819824,18.09291357521688,1431.0,28.0,47.0,28.0,0.0,0.0,0.0,0.0,0.0,0.0,210.0,32.0,10.0,12.0,0.0,0.0,0.0,0.0,0.0,0.0,17.0,95.0,24.0,9.0,1.0,0.0,0.0,0.0,0.0,0.0,83.0,339.0,66.0,10.0,2.0,0.0,0.0,0.0,0.0,0.0,772.0,824.0,1132.0,2093.0,821.0,44.0,7.0,0.0,1.0,0.0,156.0,487.0,815.0,266.0,28.0,2.0,1.0,0.0,0.0,0.0,88.0,1.0,0.0,0.0,0.0,0.0,0.0,0.0,0.0,0.0,17.0,1.0,0.0,0.0,0.0,0.0,0.0,0.0,0.0,0.0
91,r_72_100_0.jpg,2.3362753189402925,7.5733697845284444,9.87839713070665,8.623042658682259,19.95551721818753,-13.06138892552485,17.873777455902722,1358.0,30.0,35.0,23.0,2.0,0.0,0.0,0.0,0.0,0.0,190.0,34.0,11.0,4.0,0.0,0.0,0.0,0.0,0.0,0.0,18.0,98.0,22.0,8.0,0.0,0.0,0.0,0.0,0.0,0.0,72.0,436.0,49.0,2.0,1.0,0.0,0.0,0.0,0.0,0.0,811.0,897.0,1108.0,1985.0,798.0,69.0,8.0,1.0,2.0,0.0,125.0,466.0,756.0,381.0,35.0,2.0,0.0,0.0,0.0,0.0,117.0,8.0,1.0,0.0,0.0,0.0,0.0,0.0,0.0,0.0,31.0,2.0,4.0,0.0,0.0,0.0,0.0,0.0,0.0,0.0
92,r_73_100_0.jpg,2.322439582815366,7.640620930395747,9.88102810587545,8.64596949770764,18.557392946891053,-13.270242338591853,17.920743690827948,1317.0,25.0,46.0,16.0,0.0,0.0,0.0,0.0,0.0,0.0,165.0,60.0,23.0,9.0,0.0,0.0,0.0,0.0,0.0,0.0,21.0,76.0,7.0,1.0,0.0,0.0,0.0,0.0,0.0,0.0,80.0,410.0,84.0,1.0,0.0,0.0,0.0,0.0,0.0,0.0,772.0,898.0,1121.0,2087.0,800.0,45.0,5.0,1.0,0.0,0.0,149.0,534.0,677.0,326.0,35.0,8.0,0.0,0.0,0.0,0.0,153.0,7.0,1.0,0.0,0.0,0.0,0.0,0.0,0.0,0.0,29.0,8.0,3.0,0.0,0.0,0.0,0.0,0.0,0.0,0.0
93,r_74_100_0.jpg,2.329877711852381,7.607121401683772,10.026541470258744,8.736961952976333,-18.974426094829102,-13.039294243230554,18.12297537758268,1379.0,50.0,53.0,10.0,0.0,0.0,0.0,0.0,0.0,0.0,173.0,46.0,26.0,14.0,0.0,0.0,0.0,0.0,0.0,0.0,19.0,98.0,11.0,3.0,0.0,0.0,0.0,0.0,0.0,0.0,92.0,405.0,67.0,6.0,0.0,0.0,0.0,0.0,0.0,0.0,792.0,873.0,1209.0,1985.0,788.0,46.0,7.0,1.0,1.0,0.0,157.0,424.0,738.0,323.0,36.0,6.0,0.0,0.0,0.0,0.0,115.0,9.0,0.0,0.0,0.0,0.0,0.0,0.0,0.0,0.0,31.0,7.0,0.0,0.0,0.0,0.0,0.0,0.0,0.0,0.0
94,r_75_100_0.jpg,2.330332351271259,7.604343177969224,10.013175982381426,8.73692919014902,-19.193658568587335,-13.02597934328676,18.113477652947193,1306.0,27.0,30.0,10.0,0.0,0.0,0.0,0.0,0.0,0.0,208.0,47.0,10.0,13.0,0.0,0.0,0.0,0.0,0.0,0.0,18.0,77.0,21.0,1.0,0.0,0.0,0.0,0.0,0.0,0.0,115.0,322.0,77.0,3.0,0.0,0.0,0.0,0.0,0.0,0.0,800.0,984.0,1136.0,1869.0,812.0,43.0,3.0,0.0,0.0,0.0,163.0,504.0,792.0,364.0,45.0,6.0,1.0,0.0,0.0,0.0,139.0,2.0,0.0,0.0,0.0,0.0,0.0,0.0,0.0,0.0,26.0,13.0,13.0,0.0,0.0,0.0,0.0,0.0,0.0,0.0
95,r_76_100_0.jpg,2.339077079841445,7.533119533813608,9.918215028161057,8.647604214145526,19.58578233108148,-13.02509810165308,17.930620083984984,1300.0,29.0,40.0,15.0,0.0,0.0,0.0,0.0,0.0,0.0,178.0,33.0,15.0,8.0,0.0,0.0,0.0,0.0,0.0,0.0,33.0,99.0,23.0,0.0,0.0,0.0,0.0,0.0,0.0,0.0,84.0,399.0,85.0,0.0,0.0,0.0,0.0,0.0,0.0,0.0,795.0,893.0,1214.0,1946.0,902.0,31.0,7.0,0.0,0.0,0.0,188.0,503.0,632.0,316.0,26.0,3.0,0.0,0.0,0.0,0.0,163.0,1.0,0.0,0.0,0.0,0.0,0.0,0.0,0.0,0.0,31.0,7.0,1.0,0.0,0.0,0.0,0.0,0.0,0.0,0.0
96,r_77_100_0.jpg,2.3405324946559025,7.509898024249467,9.915076381071781,8.653296663583506,19.47664817048557,-12.989967029697898,17.93766457272851,1339.0,26.0,37.0,10.0,0.0,0.0,0.0,0.0,0.0,0.0,183.0,27.0,16.0,3.0,0.0,0.0,0.0,0.0,0.0,0.0,31.0,43.0,8.0,0.0,0.0,0.0,0.0,0.0,0.0,0.0,70.0,367.0,59.0,0.0,0.0,0.0,0.0,0.0,0.0,0.0,806.0,1146.0,1089.0,2012.0,764.0,52.0,7.0,2.0,0.0,1.0,155.0,430.0,664.0,388.0,37.0,0.0,0.0,0.0,0.0,0.0,163.0,7.0,0.0,0.0,0.0,0.0,0.0,0.0,0.0,0.0,28.0,17.0,13.0,0.0,0.0,0.0,0.0,0.0,0.0,0.0
97,r_78_100_0.jpg,2.3358748874854025,7.551924940920811,10.121531209225589,8.752808944535248,-19.26771779709069,-12.827481155061044,18.191502369750086,1336.0,27.0,26.0,16.0,0.0,0.0,0.0,0.0,0.0,0.0,212.0,46.0,11.0,2.0,0.0,0.0,0.0,0.0,0.0,0.0,26.0,72.0,14.0,0.0,0.0,0.0,0.0,0.0,0.0,0.0,124.0,345.0,19.0,1.0,3.0,1.0,0.0,0.0,1.0,0.0,826.0,988.0,1166.0,2241.0,733.0,53.0,15.0,4.0,0.0,0.0,125.0,374.0,687.0,301.0,19.0,0.0,0.0,0.0,0.0,0.0,151.0,5.0,3.0,0.0,0.0,0.0,0.0,0.0,0.0,0.0,18.0,8.0,1.0,0.0,0.0,0.0,0.0,0.0,0.0,0.0
98,r_79_100_0.jpg,2.3453488317411737,7.501053654254079,10.020211356615919,8.667930841937316,19.696622332797332,-12.78004963174927,18.012094753686288,1367.0,36.0,20.0,15.0,0.0,0.0,0.0,0.0,0.0,0.0,149.0,42.0,17.0,3.0,0.0,0.0,0.0,0.0,0.0,0.0,24.0,86.0,5.0,0.0,0.0,0.0,0.0,0.0,0.0,0.0,93.0,305.0,24.0,1.0,0.0,0.0,0.0,0.0,0.0,0.0,761.0,960.0,1150.0,2065.0,696.0,35.0,7.0,0.0,0.0,0.0,149.0,391.0,940.0,411.0,31.0,3.0,0.0,0.0,0.0,0.0,170.0,5.0,0.0,0.0,0.0,0.0,0.0,0.0,0.0,0.0,32.0,7.0,0.0,0.0,0.0,0.0,0.0,0.0,0.0,0.0
99,r_81_100_0.jpg,2.320923836479235,7.367094146981548,9.862268840027353,8.716423066250353,-19.087351609334593,-12.790882432681355,18.00726554724183,1325.0,28.0,47.0,8.0,4.0,0.0,0.0,0.0,0.0,0.0,177.0,31.0,14.0,14.0,4.0,0.0,0.0,0.0,0.0,0.0,25.0,194.0,15.0,3.0,2.0,0.0,0.0,0.0,0.0,0.0,126.0,425.0,42.0,10.0,0.0,0.0,0.0,0.0,0.0,0.0,817.0,936.0,1235.0,1817.0,613.0,48.0,5.0,0.0,0.0,0.0,127.0,381.0,914.0,380.0,71.0,5.0,1.0,0.0,0.0,0.0,122.0,2.0,0.0,0.0,0.0,0.0,0.0,0.0,0.0,0.0,21.0,9.0,2.0,0.0,0.0,0.0,0.0,0.0,0.0,0.0
